row_index,x,y,z,alpha,beta,gamma,com_sep,family,e_mp2_kcal,e_uma_kcal,e_gbq_kcal
0,0.0000,3.0000,0.0000,0.00,0.00,0.00,3.0000,cofacial,10.973731,9.820785,8.794922
1,0.0000,3.3000,0.0000,0.00,0.00,0.00,3.3000,cofacial,0.992570,1.343743,0.966495
2,0.0000,3.4000,0.0000,0.00,0.00,0.00,3.4000,cofacial,0.196170,-0.010006,-0.155416
3,0.0000,3.4500,0.0000,0.00,0.00,0.00,3.4500,cofacial,-0.307080,-0.516012,-0.561188
4,0.0000,3.5000,0.0000,0.00,0.00,0.00,3.5000,cofacial,-0.702120,-0.927237,-0.886004
5,0.0000,3.6000,0.0000,0.00,0.00,0.00,3.6000,cofacial,-1.254410,-1.511552,-1.344397
6,0.0000,3.6500,0.0000,0.00,0.00,0.00,3.6500,cofacial,-1.423330,-1.704776,-1.498684
7,0.0000,3.7000,0.0000,0.00,0.00,0.00,3.7000,cofacial,-1.560290,-1.844160,-1.614096
8,0.0000,3.9000,0.0000,0.00,0.00,0.00,3.9000,cofacial,-1.721800,-2.018426,-1.804828
9,0.0000,4.0000,0.0000,0.00,0.00,0.00,4.0000,cofacial,-1.683900,-1.962822,-1.796325
10,0.0000,4.1000,0.0000,0.00,0.00,0.00,4.1000,cofacial,-1.591980,-1.859164,-1.748798
11,0.0000,4.2000,0.0000,0.00,0.00,0.00,4.2000,cofacial,-1.479080,-1.729388,-1.676658
12,0.0000,4.3000,0.0000,0.00,0.00,0.00,4.3000,cofacial,-1.352760,-1.588929,-1.589984
13,0.0000,5.0000,0.0000,0.00,0.00,0.00,5.0000,cofacial,-0.581110,-0.808479,-0.954163
14,0.0000,5.5000,0.0000,0.00,0.00,0.00,5.5000,cofacial,-0.289000,-0.456028,-0.633714
15,0.0000,6.5000,0.0000,0.00,0.00,0.00,6.5000,cofacial,-0.057450,0.000005,-0.285138
16,0.0000,8.0000,0.0000,0.00,0.00,0.00,8.0000,cofacial,0.007119,0.000005,-0.097100
17,0.0000,9.0000,0.0000,0.00,0.00,0.00,9.0000,cofacial,0.012175,-0.000000,-0.051264
18,0.0000,10.0000,0.0000,0.00,0.00,0.00,10.0000,cofacial,0.011129,-0.000000,-0.028561
19,0.0000,11.0000,0.0000,0.00,0.00,0.00,11.0000,cofacial,0.008964,0.000005,-0.016656
20,0.0000,12.0000,0.0000,0.00,0.00,0.00,12.0000,cofacial,0.006880,0.000005,-0.010099
21,0.0000,14.0000,0.0000,0.00,0.00,0.00,14.0000,cofacial,0.003990,0.000003,-0.004085
22,0.0000,0.0000,4.3000,0.00,90.00,90.00,4.3000,t_shaped,4.435810,3.060922,5.600865
23,0.0000,0.0000,4.4000,0.00,90.00,90.00,4.4000,t_shaped,2.028500,0.871830,2.735319
24,0.0000,0.0000,4.5000,0.00,90.00,90.00,4.5000,t_shaped,0.343240,-0.642369,0.857735
25,0.0000,0.0000,4.6500,0.00,90.00,90.00,4.6500,t_shaped,-1.201040,-2.005591,-0.776290
26,0.0000,0.0000,4.9000,0.00,90.00,90.00,4.9000,t_shaped,-2.192390,-2.788471,-1.806987
27,0.0000,0.0000,5.0000,0.00,90.00,90.00,5.0000,t_shaped,-2.279556,-2.806727,-1.916399
28,0.0000,0.0000,5.2000,0.00,90.00,90.00,5.2000,t_shaped,-2.193220,-2.605892,-1.897178
29,0.0000,0.0000,5.4000,0.00,90.00,90.00,5.4000,t_shaped,-1.944290,-2.272736,-1.727199
30,0.0000,0.0000,5.5000,0.00,90.00,90.00,5.5000,t_shaped,-1.799550,-2.095897,-1.620905
31,0.0000,0.0000,6.0000,0.00,90.00,90.00,6.0000,t_shaped,-1.134920,-1.330039,-1.096451
32,0.0000,0.0000,7.0000,0.00,90.00,90.00,7.0000,t_shaped,-0.432460,-0.509599,-0.466226
33,0.0000,0.0000,8.0000,0.00,90.00,90.00,8.0000,t_shaped,-0.189820,-0.229484,-0.210369
34,0.0000,0.0000,9.0000,0.00,90.00,90.00,9.0000,t_shaped,-0.093860,0.000005,-0.103112
35,0.0000,0.0000,10.0000,0.00,90.00,90.00,10.0000,t_shaped,-0.062570,0.000005,-0.054431
36,0.0000,0.0000,10.5000,0.00,90.00,90.00,10.5000,t_shaped,-0.031290,0.000003,-0.040513
37,0.0000,0.0000,12.0000,0.00,90.00,90.00,12.0000,t_shaped,-0.017908,0.000008,-0.018110
38,0.0000,0.0000,13.0000,0.00,90.00,90.00,13.0000,t_shaped,-0.011411,0.000005,-0.011207
39,0.0000,0.0000,14.0000,0.00,90.00,90.00,14.0000,t_shaped,-0.007535,0.000003,-0.007200
40,0.0000,4.3000,0.0000,90.00,0.00,0.00,4.3000,other,6.795980,5.687989,5.600865
41,0.0000,4.7000,0.0000,90.00,0.00,0.00,4.7000,other,-1.042110,-1.512371,-1.108859
42,0.0000,5.0000,0.0000,90.00,0.00,0.00,5.0000,other,-2.117420,-2.411565,-1.916399
43,0.0000,6.0000,0.0000,90.00,0.00,0.00,6.0000,other,-1.088810,-1.237746,-1.096451
44,0.0000,8.0000,0.0000,90.00,0.00,0.00,8.0000,other,-0.180360,-0.037964,-0.210369
45,0.0000,0.0000,6.5000,0.00,0.00,90.00,6.5000,other,3.568360,2.967928,-0.719708
46,0.0000,0.0000,6.7500,0.00,0.00,90.00,6.7500,other,1.076240,0.743266,-0.612377
47,0.0000,0.0000,7.0000,0.00,0.00,90.00,7.0000,other,0.087740,-0.056658,-0.503164
48,0.0000,0.0000,7.2500,0.00,0.00,90.00,7.2500,other,-0.256334,-0.270667,-0.407040
49,0.0000,0.0000,7.5000,0.00,0.00,90.00,7.5000,other,-0.314400,-0.284395,-0.327298
50,0.0000,0.0000,7.7500,0.00,0.00,90.00,7.7500,other,-0.289731,-0.251105,-0.262930
51,0.0000,0.0000,8.0000,0.00,0.00,90.00,8.0000,other,-0.244750,-0.214867,-0.211623
52,0.0000,0.0000,8.5000,0.00,0.00,90.00,8.5000,other,-0.152750,-0.151002,-0.138663
53,0.0000,0.0000,9.0000,0.00,0.00,90.00,9.0000,other,-0.095533,-0.108919,-0.092620
54,0.0000,0.0000,9.5000,0.00,0.00,90.00,9.5000,other,-0.062150,-0.066480,-0.063142
55,0.0000,0.0000,10.0000,0.00,0.00,90.00,10.0000,other,-0.031290,-0.047198,-0.043909
56,0.0000,0.0000,11.0000,0.00,0.00,90.00,11.0000,other,-0.021472,0.000011,-0.022420
57,0.0000,0.0000,13.0000,0.00,0.00,90.00,13.0000,other,-0.006661,0.000005,-0.006994
58,6.0000,0.0000,0.0000,0.00,90.00,90.00,6.0000,other,2.691777,1.767770,-0.675776
59,6.5000,0.0000,0.0000,0.00,90.00,90.00,6.5000,other,-0.446012,-0.725362,-0.719708
60,6.7500,0.0000,0.0000,0.00,90.00,90.00,6.7500,other,-0.655601,-0.789681,-0.612377
61,7.0000,0.0000,0.0000,0.00,90.00,90.00,7.0000,other,-0.628624,-0.680382,-0.503164
62,9.0000,0.0000,0.0000,0.00,90.00,90.00,9.0000,other,-0.097922,-0.109653,-0.092620
63,5.0000,0.0000,0.0000,90.00,90.00,90.00,5.0000,other,25.172003,22.045086,21.112174
64,5.5000,0.0000,0.0000,90.00,90.00,90.00,5.5000,other,2.822296,1.614660,1.735860
65,6.0000,0.0000,0.0000,90.00,90.00,90.00,6.0000,other,-1.183733,-1.611430,-0.675776
66,7.0000,0.0000,0.0000,90.00,90.00,90.00,7.0000,other,-0.748093,-0.797766,-0.503164
67,8.0000,0.0000,0.0000,90.00,90.00,90.00,8.0000,other,-0.252170,-0.288283,-0.211623
68,0.0000,0.0000,6.5000,0.00,0.00,0.00,6.5000,parallel_displaced,3.731910,3.189461,-0.743355
69,0.0000,0.0000,6.9000,0.00,0.00,0.00,6.9000,parallel_displaced,0.469740,0.313431,-0.564164
70,0.0000,0.0000,7.0000,0.00,0.00,0.00,7.0000,parallel_displaced,0.175300,0.082100,-0.519964
71,0.0000,0.0000,7.2500,0.00,0.00,0.00,7.2500,parallel_displaced,-0.177770,-0.164414,-0.419996
72,0.0000,0.0000,7.3000,0.00,0.00,0.00,7.3000,parallel_displaced,-0.178000,-0.181508,-0.402033
73,0.0000,0.0000,7.5000,0.00,0.00,0.00,7.5000,parallel_displaced,-0.255930,-0.201204,-0.337009
74,0.0000,0.0000,7.7500,0.00,0.00,0.00,7.7500,parallel_displaced,-0.236950,-0.180911,-0.270054
75,0.0000,0.0000,8.0000,0.00,0.00,0.00,8.0000,parallel_displaced,-0.199960,-0.157822,-0.216745
76,0.0000,0.0000,8.5000,0.00,0.00,0.00,8.5000,parallel_displaced,-0.121040,-0.117551,-0.141120
77,0.0000,0.0000,9.5000,0.00,0.00,0.00,9.5000,parallel_displaced,-0.018980,-0.056014,-0.063320
78,0.0000,0.0000,11.0000,0.00,0.00,0.00,11.0000,parallel_displaced,-0.013433,0.000005,-0.021910
79,0.0000,0.0000,13.0000,0.00,0.00,0.00,13.0000,parallel_displaced,-0.003354,0.000008,-0.006568
80,6.2500,0.0000,0.0000,0.00,0.00,0.00,6.2500,other,1.178200,0.801452,-0.802096
81,6.5000,0.0000,0.0000,0.00,0.00,0.00,6.5000,other,-0.064540,-0.179960,-0.743355
82,6.7500,0.0000,0.0000,0.00,0.00,0.00,6.7500,other,-0.435380,-0.414939,-0.633194
83,7.0000,0.0000,0.0000,0.00,0.00,0.00,7.0000,other,-0.476640,-0.398203,-0.519964
84,7.2500,0.0000,0.0000,0.00,0.00,0.00,7.2500,other,-0.407980,-0.325821,-0.419996
85,7.5000,0.0000,0.0000,0.00,0.00,0.00,7.5000,other,-0.322270,-0.256496,-0.337009
86,8.0000,0.0000,0.0000,0.00,0.00,0.00,8.0000,other,-0.187910,-0.172144,-0.216745
87,10.0000,0.0000,0.0000,0.00,0.00,0.00,10.0000,other,-0.029420,-0.027683,-0.043674
88,11.5000,0.0000,0.0000,0.00,0.00,0.00,11.5000,other,-0.009372,-0.000000,-0.015892
89,13.0000,0.0000,0.0000,0.00,0.00,0.00,13.0000,other,-0.003423,0.000003,-0.006568
90,0.0000,3.3000,18.0000,0.00,0.00,0.00,18.3000,parallel_displaced,-0.000637,0.000014,-0.000615
91,0.0000,3.3000,16.0000,0.00,0.00,0.00,16.3368,parallel_displaced,-0.001136,0.000014,-0.001368
92,0.0000,3.3000,14.0000,0.00,0.00,0.00,14.3837,parallel_displaced,-0.003238,0.000011,-0.003302
93,0.0000,3.3000,12.0000,0.00,0.00,0.00,12.4455,parallel_displaced,-0.009384,0.000005,-0.008821
94,0.0000,3.3000,9.5000,0.00,0.00,0.00,10.0568,parallel_displaced,-0.047184,-0.036471,-0.035811
95,0.0000,3.3000,8.2000,0.00,0.00,0.00,8.8391,parallel_displaced,-0.122163,-0.152195,-0.080642
96,0.0000,3.3000,7.4000,0.00,0.00,0.00,8.1025,parallel_displaced,-0.227590,-0.293926,-0.136397
97,0.0000,3.3000,6.4000,0.00,0.00,0.00,7.2007,parallel_displaced,-0.499210,-0.611753,-0.268289
98,0.0000,3.3000,6.0000,0.00,0.00,0.00,6.8476,parallel_displaced,-0.668790,-0.802668,-0.352554
99,0.0000,3.3000,5.2000,0.00,0.00,0.00,6.1587,parallel_displaced,-1.104690,-1.296297,-0.605468
100,0.0000,3.3000,4.8000,0.00,0.00,0.00,5.8249,parallel_displaced,-1.329120,-1.562227,-0.787224
101,0.0000,3.3000,4.5000,0.00,0.00,0.00,5.5803,parallel_displaced,-1.483830,-1.753590,-0.952631
102,0.0000,3.3000,4.3000,0.00,0.00,0.00,5.4203,parallel_displaced,-1.574510,-1.873456,-1.077565
103,0.0000,3.3000,4.2000,0.00,0.00,0.00,5.3413,parallel_displaced,-1.608910,-1.928506,-1.144447
104,0.0000,3.3000,3.8000,0.00,0.00,0.00,5.0329,parallel_displaced,-1.745010,-2.119247,-1.439648
105,0.0000,3.3000,3.6000,0.00,0.00,0.00,4.8836,parallel_displaced,-1.788220,-2.197075,-1.601325
106,0.0000,3.3000,3.2000,0.00,0.00,0.00,4.5967,parallel_displaced,-1.844400,-2.318656,-1.938145
107,0.0000,3.3000,2.5000,0.00,0.00,0.00,4.1400,parallel_displaced,-1.975710,-2.551252,-2.435352
108,0.0000,3.3000,2.0000,0.00,0.00,0.00,3.8588,parallel_displaced,-2.223370,-2.797260,-2.486377
109,0.0000,3.3000,1.9000,0.00,0.00,0.00,3.8079,parallel_displaced,-2.266670,-2.823857,-2.440315
110,0.0000,3.3000,1.8000,0.00,0.00,0.00,3.7590,parallel_displaced,-2.293820,-2.829778,-2.370788
111,0.0000,3.3000,1.7000,0.00,0.00,0.00,3.7121,parallel_displaced,-2.301060,-2.808393,-2.276228
112,0.0000,3.3000,1.6000,0.00,0.00,0.00,3.6674,parallel_displaced,-2.275110,-2.753974,-2.155525
113,0.0000,3.3000,1.5000,0.00,0.00,0.00,3.6249,parallel_displaced,-2.212950,-2.661491,-2.008170
114,0.0000,3.3000,1.4000,0.00,0.00,0.00,3.5847,parallel_displaced,-2.107730,-2.527234,-1.834414
115,0.0000,3.3000,1.3000,0.00,0.00,0.00,3.5468,parallel_displaced,-1.956470,-2.348409,-1.635412
116,0.0000,3.3000,1.2000,0.00,0.00,0.00,3.5114,parallel_displaced,-1.753010,-2.123558,-1.413353
117,0.0000,3.3000,1.1000,0.00,0.00,0.00,3.4785,parallel_displaced,-1.500600,-1.853001,-1.171550
118,0.0000,3.3000,1.0000,0.00,0.00,0.00,3.4482,parallel_displaced,-1.205510,-1.539482,-0.914487
119,0.0000,3.3000,0.9000,0.00,0.00,0.00,3.4205,parallel_displaced,-0.871970,-1.189077,-0.647786
120,0.0000,3.3000,0.8000,0.00,0.00,0.00,3.3956,parallel_displaced,-0.509590,-0.811489,-0.378104
121,0.0000,3.3000,0.7000,0.00,0.00,0.00,3.3734,parallel_displaced,-0.132280,-0.419711,-0.112945
122,0.0000,3.3000,0.6000,0.00,0.00,0.00,3.3541,parallel_displaced,0.247310,-0.029459,0.139629
123,0.0000,3.3000,0.5000,0.00,0.00,0.00,3.3377,parallel_displaced,0.605490,0.341790,0.371344
124,0.0000,4.0000,0.5000,0.00,0.00,0.00,4.0311,parallel_displaced,-1.760020,-2.031770,-1.848378
125,0.0000,4.0000,1.0000,0.00,0.00,0.00,4.1231,parallel_displaced,-1.895260,-2.168826,-1.944591
126,0.0000,4.0000,1.5000,0.00,0.00,0.00,4.2720,parallel_displaced,-1.916780,-2.234838,-1.969950
127,0.0000,4.0000,1.7500,0.00,0.00,0.00,4.3661,parallel_displaced,-1.865214,-2.211111,-1.932770
128,0.0000,4.0000,2.0000,0.00,0.00,0.00,4.4721,parallel_displaced,-1.794210,-2.148357,-1.861117
129,0.0000,4.0000,2.5000,0.00,0.00,0.00,4.7170,parallel_displaced,-1.614810,-1.947408,-1.636477
130,0.0000,4.0000,3.0000,0.00,0.00,0.00,5.0000,parallel_displaced,-1.440490,-1.715819,-1.355419
131,0.0000,4.0000,4.0000,0.00,0.00,0.00,5.6569,parallel_displaced,-1.088620,-1.298782,-0.823487
132,0.0000,4.0000,6.0000,0.00,0.00,0.00,7.2111,parallel_displaced,-0.420160,-0.539236,-0.246535
133,0.0000,4.0000,8.0000,0.00,0.00,0.00,8.9443,parallel_displaced,-0.114505,-0.135038,-0.071818
134,0.0000,4.0000,10.0000,0.00,0.00,0.00,10.7703,parallel_displaced,-0.031016,0.000008,-0.022718
135,0.0000,4.0000,12.0000,0.00,0.00,0.00,12.6491,parallel_displaced,-0.009565,0.000005,-0.007999
136,0.0000,4.0000,14.0000,0.00,0.00,0.00,14.5602,parallel_displaced,-0.003221,0.000011,-0.003119
137,0.0000,2.2000,4.3000,0.00,0.00,0.00,4.8301,parallel_displaced,6.779350,5.665535,-0.854297
138,0.0000,2.5000,4.3000,0.00,0.00,0.00,4.9739,parallel_displaced,0.977651,0.245244,-1.361688
139,0.0000,2.9000,4.3000,0.00,0.00,0.00,5.1865,parallel_displaced,-1.367010,-1.828993,-1.313334
140,0.0000,3.3000,4.3000,0.00,0.00,0.00,5.4203,parallel_displaced,-1.574510,-1.873451,-1.077565
141,0.0000,3.6000,4.3000,0.00,0.00,0.00,5.6080,parallel_displaced,-1.346860,-1.579065,-0.898910
142,0.0000,4.0000,4.3000,0.00,0.00,0.00,5.8728,parallel_displaced,-0.981400,-1.177187,-0.694890
143,0.0000,4.5000,4.3000,0.00,0.00,0.00,6.2241,parallel_displaced,-0.621020,-0.798970,-0.499797
144,0.0000,5.0000,4.3000,0.00,0.00,0.00,6.5947,parallel_displaced,-0.387250,-0.517879,-0.359690
145,0.0000,6.5000,4.3000,0.00,0.00,0.00,7.7936,parallel_displaced,-0.100200,0.000003,-0.139043
146,0.0000,8.0000,4.3000,0.00,0.00,0.00,9.0824,parallel_displaced,-0.027031,0.000005,-0.057946
147,0.0000,9.0000,4.3000,0.00,0.00,0.00,9.9745,parallel_displaced,-0.010528,0.000005,-0.033763
148,0.0000,11.0000,4.3000,0.00,0.00,0.00,11.8106,parallel_displaced,-0.000274,0.000005,-0.012599
149,0.0000,13.0000,4.3000,0.00,0.00,0.00,13.6927,parallel_displaced,0.001438,0.000003,-0.005236
150,0.0000,15.0000,4.3000,0.00,0.00,0.00,15.6042,parallel_displaced,0.001404,0.000005,-0.002375
151,0.0000,2.2000,4.3000,0.00,0.00,0.00,4.8301,parallel_displaced,6.779350,5.665541,-0.854297
152,0.0000,2.5000,4.3000,0.00,0.00,0.00,4.9739,parallel_displaced,0.977651,0.245247,-1.361688
153,0.0000,2.9000,4.3000,0.00,0.00,0.00,5.1865,parallel_displaced,-1.367010,-1.828991,-1.313334
154,0.0000,3.3000,4.3000,0.00,0.00,0.00,5.4203,parallel_displaced,-1.574510,-1.873451,-1.077565
155,0.0000,3.6000,4.3000,0.00,0.00,0.00,5.6080,parallel_displaced,-1.346860,-1.579065,-0.898910
156,0.0000,4.0000,4.3000,0.00,0.00,0.00,5.8728,parallel_displaced,-0.981400,-1.177193,-0.694890
157,0.0000,4.5000,4.3000,0.00,0.00,0.00,6.2241,parallel_displaced,-0.621020,-0.798973,-0.499797
158,0.0000,5.0000,4.3000,0.00,0.00,0.00,6.5947,parallel_displaced,-0.387250,-0.517879,-0.359690
159,0.0000,6.5000,4.3000,0.00,0.00,0.00,7.7936,parallel_displaced,-0.100200,0.000005,-0.139043
160,0.0000,8.0000,4.3000,0.00,0.00,0.00,9.0824,parallel_displaced,-0.027031,-0.000000,-0.057946
161,0.0000,9.0000,4.3000,0.00,0.00,0.00,9.9745,parallel_displaced,-0.010528,0.000005,-0.033763
162,0.0000,11.0000,4.3000,0.00,0.00,0.00,11.8106,parallel_displaced,-0.000274,0.000003,-0.012599
163,0.0000,13.0000,4.3000,0.00,0.00,0.00,13.6927,parallel_displaced,0.001438,0.000005,-0.005236
164,0.0000,15.0000,4.3000,0.00,0.00,0.00,15.6042,parallel_displaced,0.001404,0.000005,-0.002375
165,1.5000,3.6000,0.0000,0.00,0.00,0.00,3.9000,other,-2.554740,-2.963634,-2.358679
166,1.0000,3.6000,0.0000,0.00,0.00,0.00,3.7363,other,-2.252840,-2.580631,-2.020471
167,0.5000,3.6000,0.0000,0.00,0.00,0.00,3.6346,other,-1.605360,-1.886723,-1.562302
168,1.6000,3.5000,0.0000,0.00,0.00,0.00,3.8484,other,-2.597910,-3.037836,-2.410244
169,2.0000,3.5000,0.0000,0.00,0.00,0.00,4.0311,other,-2.445520,-2.929634,-2.480259
170,1.8000,3.3000,0.0000,0.00,0.00,0.00,3.7590,other,-2.262600,-2.739698,-2.370788
171,1.8000,4.0000,0.0000,0.00,0.00,0.00,4.3863,other,-1.857420,-2.183962,-1.921092
172,1.8000,4.4000,0.0000,0.00,0.00,0.00,4.7539,other,-1.196250,-1.440448,-1.404780
173,0.0000,4.5000,0.0000,90.00,90.00,0.00,4.5000,other,0.343360,-0.642361,0.857735
174,0.0000,5.0000,0.0000,90.00,90.00,0.00,5.0000,other,-2.279560,-2.806725,-1.916399
175,0.0000,6.0000,0.0000,90.00,90.00,0.00,6.0000,other,-1.136070,-1.330042,-1.096451
176,0.0000,7.0000,0.0000,90.00,90.00,0.00,7.0000,other,-0.432720,-0.509588,-0.466226
177,0.0000,2.5000,1.5000,0.00,0.00,0.00,2.9155,parallel_displaced,27.364370,27.040823,27.330889
178,0.0000,2.5000,2.0000,0.00,0.00,0.00,3.2016,parallel_displaced,22.848240,21.833977,14.147623
179,0.0000,2.5000,2.5000,0.00,0.00,0.00,3.5355,parallel_displaced,17.253820,16.233585,5.828335
180,0.0000,2.5000,3.0000,0.00,0.00,0.00,3.9051,parallel_displaced,10.752820,9.735766,1.264944
181,0.0000,2.5000,4.0000,0.00,0.00,0.00,4.7170,parallel_displaced,2.527740,1.646177,-1.352492
182,0.0000,2.0000,6.0000,0.00,0.00,0.00,6.3246,parallel_displaced,-0.691490,-0.917753,-0.677330
183,0.0000,2.0000,8.0000,0.00,0.00,0.00,8.2462,parallel_displaced,-0.189380,-0.218070,-0.145426
184,0.0000,3.5000,1.6000,0.00,0.00,0.00,3.8484,parallel_displaced,-2.599780,-3.063946,-2.410244
185,0.0000,3.5000,1.8000,0.00,0.00,0.00,3.9357,parallel_displaced,-2.562700,-3.072116,-2.476380
186,0.0000,3.6000,1.9000,0.00,0.00,0.00,4.0706,parallel_displaced,-2.467010,-2.959950,-2.409224
187,0.0000,3.6000,2.5000,0.00,0.00,0.00,4.3829,parallel_displaced,-2.128830,-2.611607,-2.159736
188,0.0000,3.6000,6.0000,0.00,0.00,0.00,6.9971,parallel_displaced,-0.256540,-0.682730,-0.302051
189,0.0000,2.8000,2.5000,0.00,0.00,0.00,3.7537,parallel_displaced,3.673910,2.940160,-0.838152
190,0.0000,3.9000,2.0000,0.00,0.00,0.00,4.3829,parallel_displaced,-1.969330,-2.361033,-2.000964
191,0.0000,3.9000,1.5000,0.00,0.00,0.00,4.1785,parallel_displaced,-2.100620,-2.450912,-2.096359
192,0.0000,3.9000,1.0000,0.00,0.00,0.00,4.0262,parallel_displaced,-2.046710,-2.340297,-2.028712
193,0.0000,3.9000,0.5000,0.00,0.00,0.00,3.9319,parallel_displaced,-1.842200,-2.128723,-1.880805
194,0.0000,5.0000,0.0000,30.00,0.00,0.00,5.0000,other,-0.876482,-1.057450,-1.232986
195,0.0000,6.0000,0.0000,30.00,0.00,0.00,6.0000,other,-0.254699,-0.312680,-0.527483
196,0.0000,7.0000,0.0000,30.00,0.00,0.00,7.0000,other,-0.074716,-0.001050,-0.236857
