family,source,r,dx,dy,dz,energy_kcal
cofacial,uma,3.0000,0.0000,3.0000,0.0000,9.820786
cofacial,uma,3.0500,0.0000,3.0500,0.0000,7.748744
cofacial,uma,3.1000,0.0000,3.1000,0.0000,6.000191
cofacial,uma,3.1500,0.0000,3.1500,0.0000,4.523877
cofacial,uma,3.2000,0.0000,3.2000,0.0000,3.277661
cofacial,uma,3.2500,0.0000,3.2500,0.0000,2.227034
cofacial,uma,3.3000,0.0000,3.3000,0.0000,1.343746
cofacial,uma,3.3500,0.0000,3.3500,0.0000,0.604504
cofacial,uma,3.4000,0.0000,3.4000,0.0000,-0.010012
cofacial,uma,3.4500,0.0000,3.4500,0.0000,-0.516021
cofacial,uma,3.5000,0.0000,3.5000,0.0000,-0.927243
cofacial,uma,3.5500,0.0000,3.5500,0.0000,-1.255576
cofacial,uma,3.6000,0.0000,3.6000,0.0000,-1.511555
cofacial,uma,3.6500,0.0000,3.6500,0.0000,-1.704781
cofacial,uma,3.7000,0.0000,3.7000,0.0000,-1.844165
cofacial,uma,3.7500,0.0000,3.7500,0.0000,-1.937962
cofacial,uma,3.8000,0.0000,3.8000,0.0000,-1.993839
cofacial,uma,3.8500,0.0000,3.8500,0.0000,-2.018660
cofacial,uma,3.9000,0.0000,3.9000,0.0000,-2.018429
cofacial,uma,3.9500,0.0000,3.9500,0.0000,-1.998364
cofacial,uma,4.0000,0.0000,4.0000,0.0000,-1.962825
cofacial,uma,4.0500,0.0000,4.0500,0.0000,-1.915448
cofacial,uma,4.1000,0.0000,4.1000,0.0000,-1.859161
cofacial,uma,4.1500,0.0000,4.1500,0.0000,-1.796453
cofacial,uma,4.2000,0.0000,4.2000,0.0000,-1.729385
cofacial,uma,4.2500,0.0000,4.2500,0.0000,-1.659697
cofacial,uma,4.3000,0.0000,4.3000,0.0000,-1.588937
cofacial,uma,4.3500,0.0000,4.3500,0.0000,-1.518383
cofacial,uma,4.4000,0.0000,4.4000,0.0000,-1.449066
cofacial,uma,4.4500,0.0000,4.4500,0.0000,-1.381657
cofacial,uma,4.5000,0.0000,4.5000,0.0000,-1.316390
cofacial,uma,4.5500,0.0000,4.5500,0.0000,-1.253489
cofacial,uma,4.6000,0.0000,4.6000,0.0000,-1.193330
cofacial,uma,4.6500,0.0000,4.6500,0.0000,-1.136191
cofacial,uma,4.7000,0.0000,4.7000,0.0000,-1.082035
cofacial,uma,4.7500,0.0000,4.7500,0.0000,-1.030735
cofacial,uma,4.8000,0.0000,4.8000,0.0000,-0.982053
cofacial,uma,4.8500,0.0000,4.8500,0.0000,-0.935550
cofacial,uma,4.9000,0.0000,4.9000,0.0000,-0.890991
cofacial,uma,4.9500,0.0000,4.9500,0.0000,-0.848667
cofacial,uma,5.0000,0.0000,5.0000,0.0000,-0.808484
cofacial,uma,5.0500,0.0000,5.0500,0.0000,-0.769852
cofacial,uma,5.1000,0.0000,5.1000,0.0000,-0.731995
cofacial,uma,5.1500,0.0000,5.1500,0.0000,-0.694881
cofacial,uma,5.2000,0.0000,5.2000,0.0000,-0.658583
cofacial,uma,5.2500,0.0000,5.2500,0.0000,-0.622469
cofacial,uma,5.3000,0.0000,5.3000,0.0000,-0.587209
cofacial,uma,5.3500,0.0000,5.3500,0.0000,-0.554180
cofacial,uma,5.4000,0.0000,5.4000,0.0000,-0.520191
cofacial,uma,5.4500,0.0000,5.4500,0.0000,-0.487389
cofacial,uma,5.5000,0.0000,5.5000,0.0000,-0.456034
cofacial,uma,5.5500,0.0000,5.5500,0.0000,-0.418713
cofacial,uma,5.6000,0.0000,5.6000,0.0000,-0.371072
cofacial,uma,5.6500,0.0000,5.6500,0.0000,-0.311858
cofacial,uma,5.7000,0.0000,5.7000,0.0000,-0.240936
cofacial,uma,5.7500,0.0000,5.7500,0.0000,-0.164626
cofacial,uma,5.8000,0.0000,5.8000,0.0000,-0.099804
cofacial,uma,5.8500,0.0000,5.8500,0.0000,-0.050549
cofacial,uma,5.9000,0.0000,5.9000,0.0000,-0.017657
cofacial,uma,5.9500,0.0000,5.9500,0.0000,-0.002436
cofacial,uma,6.0000,0.0000,6.0000,0.0000,-0.000000
cofacial,uma,6.0500,0.0000,6.0500,0.0000,-0.000000
cofacial,uma,6.1000,0.0000,6.1000,0.0000,-0.000003
cofacial,uma,6.1500,0.0000,6.1500,0.0000,-0.000003
cofacial,uma,6.2000,0.0000,6.2000,0.0000,-0.000005
cofacial,uma,6.2500,0.0000,6.2500,0.0000,-0.000000
cofacial,uma,6.3000,0.0000,6.3000,0.0000,-0.000000
cofacial,uma,6.3500,0.0000,6.3500,0.0000,-0.000000
cofacial,uma,6.4000,0.0000,6.4000,0.0000,-0.000000
cofacial,uma,6.4500,0.0000,6.4500,0.0000,-0.000000
cofacial,uma,6.5000,0.0000,6.5000,0.0000,-0.000000
cofacial,uma,6.5500,0.0000,6.5500,0.0000,-0.000000
cofacial,uma,6.6000,0.0000,6.6000,0.0000,-0.000000
cofacial,uma,6.6500,0.0000,6.6500,0.0000,-0.000000
cofacial,uma,6.7000,0.0000,6.7000,0.0000,-0.000000
cofacial,uma,6.7500,0.0000,6.7500,0.0000,-0.000005
cofacial,uma,6.8000,0.0000,6.8000,0.0000,-0.000000
cofacial,uma,6.8500,0.0000,6.8500,0.0000,-0.000000
cofacial,uma,6.9000,0.0000,6.9000,0.0000,-0.000000
cofacial,uma,6.9500,0.0000,6.9500,0.0000,-0.000003
cofacial,uma,7.0000,0.0000,7.0000,0.0000,-0.000008
cofacial,uma,7.0500,0.0000,7.0500,0.0000,-0.000000
cofacial,uma,7.1000,0.0000,7.1000,0.0000,-0.000003
cofacial,uma,7.1500,0.0000,7.1500,0.0000,-0.000003
cofacial,uma,7.2000,0.0000,7.2000,0.0000,-0.000003
cofacial,uma,7.2500,0.0000,7.2500,0.0000,-0.000000
cofacial,uma,7.3000,0.0000,7.3000,0.0000,-0.000003
cofacial,uma,7.3500,0.0000,7.3500,0.0000,-0.000000
cofacial,uma,7.4000,0.0000,7.4000,0.0000,-0.000003
cofacial,uma,7.4500,0.0000,7.4500,0.0000,-0.000000
cofacial,uma,7.5000,0.0000,7.5000,0.0000,-0.000000
cofacial,uma,7.5500,0.0000,7.5500,0.0000,-0.000000
cofacial,uma,7.6000,0.0000,7.6000,0.0000,-0.000003
cofacial,uma,7.6500,0.0000,7.6500,0.0000,-0.000003
cofacial,uma,7.7000,0.0000,7.7000,0.0000,-0.000003
cofacial,uma,7.7500,0.0000,7.7500,0.0000,-0.000000
cofacial,uma,7.8000,0.0000,7.8000,0.0000,-0.000000
cofacial,uma,7.8500,0.0000,7.8500,0.0000,-0.000003
cofacial,uma,7.9000,0.0000,7.9000,0.0000,-0.000003
cofacial,uma,7.9500,0.0000,7.9500,0.0000,-0.000005
cofacial,uma,8.0000,0.0000,8.0000,0.0000,-0.000003
cofacial,uma,8.0500,0.0000,8.0500,0.0000,-0.000000
cofacial,uma,8.1000,0.0000,8.1000,0.0000,-0.000000
cofacial,uma,8.1500,0.0000,8.1500,0.0000,-0.000003
cofacial,uma,8.2000,0.0000,8.2000,0.0000,-0.000003
cofacial,uma,8.2500,0.0000,8.2500,0.0000,-0.000005
cofacial,uma,8.3000,0.0000,8.3000,0.0000,-0.000000
cofacial,uma,8.3500,0.0000,8.3500,0.0000,-0.000003
cofacial,uma,8.4000,0.0000,8.4000,0.0000,-0.000000
cofacial,uma,8.4500,0.0000,8.4500,0.0000,-0.000000
cofacial,uma,8.5000,0.0000,8.5000,0.0000,-0.000000
cofacial,uma,8.5500,0.0000,8.5500,0.0000,-0.000003
cofacial,uma,8.6000,0.0000,8.6000,0.0000,-0.000000
cofacial,uma,8.6500,0.0000,8.6500,0.0000,-0.000000
cofacial,uma,8.7000,0.0000,8.7000,0.0000,-0.000000
cofacial,uma,8.7500,0.0000,8.7500,0.0000,-0.000000
cofacial,uma,8.8000,0.0000,8.8000,0.0000,-0.000000
cofacial,uma,8.8500,0.0000,8.8500,0.0000,-0.000003
cofacial,uma,8.9000,0.0000,8.9000,0.0000,-0.000003
cofacial,uma,8.9500,0.0000,8.9500,0.0000,-0.000003
cofacial,uma,9.0000,0.0000,9.0000,0.0000,-0.000003
cofacial,gbq,3.0000,0.0000,3.0000,0.0000,8.794922
cofacial,gbq,3.0100,0.0000,3.0100,0.0000,8.364125
cofacial,gbq,3.0200,0.0000,3.0200,0.0000,7.949321
cofacial,gbq,3.0300,0.0000,3.0300,0.0000,7.549930
cofacial,gbq,3.0400,0.0000,3.0400,0.0000,7.165396
cofacial,gbq,3.0500,0.0000,3.0500,0.0000,6.795182
cofacial,gbq,3.0600,0.0000,3.0600,0.0000,6.438771
cofacial,gbq,3.0700,0.0000,3.0700,0.0000,6.095666
cofacial,gbq,3.0800,0.0000,3.0800,0.0000,5.765387
cofacial,gbq,3.0900,0.0000,3.0900,0.0000,5.447473
cofacial,gbq,3.1000,0.0000,3.1000,0.0000,5.141479
cofacial,gbq,3.1100,0.0000,3.1100,0.0000,4.846978
cofacial,gbq,3.1200,0.0000,3.1200,0.0000,4.563556
cofacial,gbq,3.1300,0.0000,3.1300,0.0000,4.290818
cofacial,gbq,3.1400,0.0000,3.1400,0.0000,4.028380
cofacial,gbq,3.1500,0.0000,3.1500,0.0000,3.775873
cofacial,gbq,3.1600,0.0000,3.1600,0.0000,3.532942
cofacial,gbq,3.1700,0.0000,3.1700,0.0000,3.299245
cofacial,gbq,3.1800,0.0000,3.1800,0.0000,3.074453
cofacial,gbq,3.1900,0.0000,3.1900,0.0000,2.858247
cofacial,gbq,3.2000,0.0000,3.2000,0.0000,2.650321
cofacial,gbq,3.2100,0.0000,3.2100,0.0000,2.450379
cofacial,gbq,3.2200,0.0000,3.2200,0.0000,2.258138
cofacial,gbq,3.2300,0.0000,3.2300,0.0000,2.073323
cofacial,gbq,3.2400,0.0000,3.2400,0.0000,1.895670
cofacial,gbq,3.2500,0.0000,3.2500,0.0000,1.724923
cofacial,gbq,3.2600,0.0000,3.2600,0.0000,1.560837
cofacial,gbq,3.2700,0.0000,3.2700,0.0000,1.403176
cofacial,gbq,3.2800,0.0000,3.2800,0.0000,1.251711
cofacial,gbq,3.2900,0.0000,3.2900,0.0000,1.106221
cofacial,gbq,3.3000,0.0000,3.3000,0.0000,0.966495
cofacial,gbq,3.3100,0.0000,3.3100,0.0000,0.832327
cofacial,gbq,3.3200,0.0000,3.3200,0.0000,0.703521
cofacial,gbq,3.3300,0.0000,3.3300,0.0000,0.579885
cofacial,gbq,3.3400,0.0000,3.3400,0.0000,0.461236
cofacial,gbq,3.3500,0.0000,3.3500,0.0000,0.347398
cofacial,gbq,3.3600,0.0000,3.3600,0.0000,0.238199
cofacial,gbq,3.3700,0.0000,3.3700,0.0000,0.133474
cofacial,gbq,3.3800,0.0000,3.3800,0.0000,0.033065
cofacial,gbq,3.3900,0.0000,3.3900,0.0000,-0.063183
cofacial,gbq,3.4000,0.0000,3.4000,0.0000,-0.155416
cofacial,gbq,3.4100,0.0000,3.4100,0.0000,-0.243777
cofacial,gbq,3.4200,0.0000,3.4200,0.0000,-0.328404
cofacial,gbq,3.4300,0.0000,3.4300,0.0000,-0.409431
cofacial,gbq,3.4400,0.0000,3.4400,0.0000,-0.486984
cofacial,gbq,3.4500,0.0000,3.4500,0.0000,-0.561188
cofacial,gbq,3.4600,0.0000,3.4600,0.0000,-0.632163
cofacial,gbq,3.4700,0.0000,3.4700,0.0000,-0.700022
cofacial,gbq,3.4800,0.0000,3.4800,0.0000,-0.764878
cofacial,gbq,3.4900,0.0000,3.4900,0.0000,-0.826837
cofacial,gbq,3.5000,0.0000,3.5000,0.0000,-0.886004
cofacial,gbq,3.5100,0.0000,3.5100,0.0000,-0.942477
cofacial,gbq,3.5200,0.0000,3.5200,0.0000,-0.996354
cofacial,gbq,3.5300,0.0000,3.5300,0.0000,-1.047727
cofacial,gbq,3.5400,0.0000,3.5400,0.0000,-1.096686
cofacial,gbq,3.5500,0.0000,3.5500,0.0000,-1.143318
cofacial,gbq,3.5600,0.0000,3.5600,0.0000,-1.187706
cofacial,gbq,3.5700,0.0000,3.5700,0.0000,-1.229932
cofacial,gbq,3.5800,0.0000,3.5800,0.0000,-1.270072
cofacial,gbq,3.5900,0.0000,3.5900,0.0000,-1.308203
cofacial,gbq,3.6000,0.0000,3.6000,0.0000,-1.344397
cofacial,gbq,3.6100,0.0000,3.6100,0.0000,-1.378725
cofacial,gbq,3.6200,0.0000,3.6200,0.0000,-1.411253
cofacial,gbq,3.6300,0.0000,3.6300,0.0000,-1.442047
cofacial,gbq,3.6400,0.0000,3.6400,0.0000,-1.471171
cofacial,gbq,3.6500,0.0000,3.6500,0.0000,-1.498684
cofacial,gbq,3.6600,0.0000,3.6600,0.0000,-1.524647
cofacial,gbq,3.6700,0.0000,3.6700,0.0000,-1.549116
cofacial,gbq,3.6800,0.0000,3.6800,0.0000,-1.572145
cofacial,gbq,3.6900,0.0000,3.6900,0.0000,-1.593788
cofacial,gbq,3.7000,0.0000,3.7000,0.0000,-1.614096
cofacial,gbq,3.7100,0.0000,3.7100,0.0000,-1.633118
cofacial,gbq,3.7200,0.0000,3.7200,0.0000,-1.650902
cofacial,gbq,3.7300,0.0000,3.7300,0.0000,-1.667493
cofacial,gbq,3.7400,0.0000,3.7400,0.0000,-1.682936
cofacial,gbq,3.7500,0.0000,3.7500,0.0000,-1.697275
cofacial,gbq,3.7600,0.0000,3.7600,0.0000,-1.710550
cofacial,gbq,3.7700,0.0000,3.7700,0.0000,-1.722801
cofacial,gbq,3.7800,0.0000,3.7800,0.0000,-1.734068
cofacial,gbq,3.7900,0.0000,3.7900,0.0000,-1.744387
cofacial,gbq,3.8000,0.0000,3.8000,0.0000,-1.753795
cofacial,gbq,3.8100,0.0000,3.8100,0.0000,-1.762326
cofacial,gbq,3.8200,0.0000,3.8200,0.0000,-1.770014
cofacial,gbq,3.8300,0.0000,3.8300,0.0000,-1.776891
cofacial,gbq,3.8400,0.0000,3.8400,0.0000,-1.782988
cofacial,gbq,3.8500,0.0000,3.8500,0.0000,-1.788337
cofacial,gbq,3.8600,0.0000,3.8600,0.0000,-1.792965
cofacial,gbq,3.8700,0.0000,3.8700,0.0000,-1.796902
cofacial,gbq,3.8800,0.0000,3.8800,0.0000,-1.800174
cofacial,gbq,3.8900,0.0000,3.8900,0.0000,-1.802808
cofacial,gbq,3.9000,0.0000,3.9000,0.0000,-1.804828
cofacial,gbq,3.9100,0.0000,3.9100,0.0000,-1.806261
cofacial,gbq,3.9200,0.0000,3.9200,0.0000,-1.807129
cofacial,gbq,3.9300,0.0000,3.9300,0.0000,-1.807455
cofacial,gbq,3.9400,0.0000,3.9400,0.0000,-1.807261
cofacial,gbq,3.9500,0.0000,3.9500,0.0000,-1.806569
cofacial,gbq,3.9600,0.0000,3.9600,0.0000,-1.805398
cofacial,gbq,3.9700,0.0000,3.9700,0.0000,-1.803770
cofacial,gbq,3.9800,0.0000,3.9800,0.0000,-1.801703
cofacial,gbq,3.9900,0.0000,3.9900,0.0000,-1.799215
cofacial,gbq,4.0000,0.0000,4.0000,0.0000,-1.796325
cofacial,gbq,4.0100,0.0000,4.0100,0.0000,-1.793050
cofacial,gbq,4.0200,0.0000,4.0200,0.0000,-1.789406
cofacial,gbq,4.0300,0.0000,4.0300,0.0000,-1.785409
cofacial,gbq,4.0400,0.0000,4.0400,0.0000,-1.781075
cofacial,gbq,4.0500,0.0000,4.0500,0.0000,-1.776419
cofacial,gbq,4.0600,0.0000,4.0600,0.0000,-1.771456
cofacial,gbq,4.0700,0.0000,4.0700,0.0000,-1.766199
cofacial,gbq,4.0800,0.0000,4.0800,0.0000,-1.760662
cofacial,gbq,4.0900,0.0000,4.0900,0.0000,-1.754857
cofacial,gbq,4.1000,0.0000,4.1000,0.0000,-1.748798
cofacial,gbq,4.1100,0.0000,4.1100,0.0000,-1.742496
cofacial,gbq,4.1200,0.0000,4.1200,0.0000,-1.735963
cofacial,gbq,4.1300,0.0000,4.1300,0.0000,-1.729211
cofacial,gbq,4.1400,0.0000,4.1400,0.0000,-1.722249
cofacial,gbq,4.1500,0.0000,4.1500,0.0000,-1.715090
cofacial,gbq,4.1600,0.0000,4.1600,0.0000,-1.707742
cofacial,gbq,4.1700,0.0000,4.1700,0.0000,-1.700215
cofacial,gbq,4.1800,0.0000,4.1800,0.0000,-1.692520
cofacial,gbq,4.1900,0.0000,4.1900,0.0000,-1.684665
cofacial,gbq,4.2000,0.0000,4.2000,0.0000,-1.676658
cofacial,gbq,4.2100,0.0000,4.2100,0.0000,-1.668508
cofacial,gbq,4.2200,0.0000,4.2200,0.0000,-1.660224
cofacial,gbq,4.2300,0.0000,4.2300,0.0000,-1.651813
cofacial,gbq,4.2400,0.0000,4.2400,0.0000,-1.643282
cofacial,gbq,4.2500,0.0000,4.2500,0.0000,-1.634640
cofacial,gbq,4.2600,0.0000,4.2600,0.0000,-1.625892
cofacial,gbq,4.2700,0.0000,4.2700,0.0000,-1.617047
cofacial,gbq,4.2800,0.0000,4.2800,0.0000,-1.608109
cofacial,gbq,4.2900,0.0000,4.2900,0.0000,-1.599086
cofacial,gbq,4.3000,0.0000,4.3000,0.0000,-1.589984
cofacial,gbq,4.3100,0.0000,4.3100,0.0000,-1.580808
cofacial,gbq,4.3200,0.0000,4.3200,0.0000,-1.571564
cofacial,gbq,4.3300,0.0000,4.3300,0.0000,-1.562258
cofacial,gbq,4.3400,0.0000,4.3400,0.0000,-1.552894
cofacial,gbq,4.3500,0.0000,4.3500,0.0000,-1.543478
cofacial,gbq,4.3600,0.0000,4.3600,0.0000,-1.534015
cofacial,gbq,4.3700,0.0000,4.3700,0.0000,-1.524508
cofacial,gbq,4.3800,0.0000,4.3800,0.0000,-1.514963
cofacial,gbq,4.3900,0.0000,4.3900,0.0000,-1.505384
cofacial,gbq,4.4000,0.0000,4.4000,0.0000,-1.495775
cofacial,gbq,4.4100,0.0000,4.4100,0.0000,-1.486140
cofacial,gbq,4.4200,0.0000,4.4200,0.0000,-1.476482
cofacial,gbq,4.4300,0.0000,4.4300,0.0000,-1.466807
cofacial,gbq,4.4400,0.0000,4.4400,0.0000,-1.457116
cofacial,gbq,4.4500,0.0000,4.4500,0.0000,-1.447413
cofacial,gbq,4.4600,0.0000,4.4600,0.0000,-1.437702
cofacial,gbq,4.4700,0.0000,4.4700,0.0000,-1.427986
cofacial,gbq,4.4800,0.0000,4.4800,0.0000,-1.418268
cofacial,gbq,4.4900,0.0000,4.4900,0.0000,-1.408550
cofacial,gbq,4.5000,0.0000,4.5000,0.0000,-1.398836
cofacial,gbq,4.5100,0.0000,4.5100,0.0000,-1.389127
cofacial,gbq,4.5200,0.0000,4.5200,0.0000,-1.379428
cofacial,gbq,4.5300,0.0000,4.5300,0.0000,-1.369739
cofacial,gbq,4.5400,0.0000,4.5400,0.0000,-1.360064
cofacial,gbq,4.5500,0.0000,4.5500,0.0000,-1.350404
cofacial,gbq,4.5600,0.0000,4.5600,0.0000,-1.340762
cofacial,gbq,4.5700,0.0000,4.5700,0.0000,-1.331140
cofacial,gbq,4.5800,0.0000,4.5800,0.0000,-1.321540
cofacial,gbq,4.5900,0.0000,4.5900,0.0000,-1.311963
cofacial,gbq,4.6000,0.0000,4.6000,0.0000,-1.302412
cofacial,gbq,4.6100,0.0000,4.6100,0.0000,-1.292887
cofacial,gbq,4.6200,0.0000,4.6200,0.0000,-1.283392
cofacial,gbq,4.6300,0.0000,4.6300,0.0000,-1.273927
cofacial,gbq,4.6400,0.0000,4.6400,0.0000,-1.264494
cofacial,gbq,4.6500,0.0000,4.6500,0.0000,-1.255094
cofacial,gbq,4.6600,0.0000,4.6600,0.0000,-1.245729
cofacial,gbq,4.6700,0.0000,4.6700,0.0000,-1.236400
cofacial,gbq,4.6800,0.0000,4.6800,0.0000,-1.227108
cofacial,gbq,4.6900,0.0000,4.6900,0.0000,-1.217854
cofacial,gbq,4.7000,0.0000,4.7000,0.0000,-1.208639
cofacial,gbq,4.7100,0.0000,4.7100,0.0000,-1.199466
cofacial,gbq,4.7200,0.0000,4.7200,0.0000,-1.190333
cofacial,gbq,4.7300,0.0000,4.7300,0.0000,-1.181243
cofacial,gbq,4.7400,0.0000,4.7400,0.0000,-1.172197
cofacial,gbq,4.7500,0.0000,4.7500,0.0000,-1.163194
cofacial,gbq,4.7600,0.0000,4.7600,0.0000,-1.154237
cofacial,gbq,4.7700,0.0000,4.7700,0.0000,-1.145325
cofacial,gbq,4.7800,0.0000,4.7800,0.0000,-1.136460
cofacial,gbq,4.7900,0.0000,4.7900,0.0000,-1.127642
cofacial,gbq,4.8000,0.0000,4.8000,0.0000,-1.118872
cofacial,gbq,4.8100,0.0000,4.8100,0.0000,-1.110150
cofacial,gbq,4.8200,0.0000,4.8200,0.0000,-1.101477
cofacial,gbq,4.8300,0.0000,4.8300,0.0000,-1.092853
cofacial,gbq,4.8400,0.0000,4.8400,0.0000,-1.084280
cofacial,gbq,4.8500,0.0000,4.8500,0.0000,-1.075756
cofacial,gbq,4.8600,0.0000,4.8600,0.0000,-1.067284
cofacial,gbq,4.8700,0.0000,4.8700,0.0000,-1.058862
cofacial,gbq,4.8800,0.0000,4.8800,0.0000,-1.050492
cofacial,gbq,4.8900,0.0000,4.8900,0.0000,-1.042174
cofacial,gbq,4.9000,0.0000,4.9000,0.0000,-1.033908
cofacial,gbq,4.9100,0.0000,4.9100,0.0000,-1.025695
cofacial,gbq,4.9200,0.0000,4.9200,0.0000,-1.017534
cofacial,gbq,4.9300,0.0000,4.9300,0.0000,-1.009426
cofacial,gbq,4.9400,0.0000,4.9400,0.0000,-1.001371
cofacial,gbq,4.9500,0.0000,4.9500,0.0000,-0.993369
cofacial,gbq,4.9600,0.0000,4.9600,0.0000,-0.985421
cofacial,gbq,4.9700,0.0000,4.9700,0.0000,-0.977526
cofacial,gbq,4.9800,0.0000,4.9800,0.0000,-0.969684
cofacial,gbq,4.9900,0.0000,4.9900,0.0000,-0.961897
cofacial,gbq,5.0000,0.0000,5.0000,0.0000,-0.954163
cofacial,gbq,5.0100,0.0000,5.0100,0.0000,-0.946483
cofacial,gbq,5.0200,0.0000,5.0200,0.0000,-0.938857
cofacial,gbq,5.0300,0.0000,5.0300,0.0000,-0.931284
cofacial,gbq,5.0400,0.0000,5.0400,0.0000,-0.923766
cofacial,gbq,5.0500,0.0000,5.0500,0.0000,-0.916301
cofacial,gbq,5.0600,0.0000,5.0600,0.0000,-0.908890
cofacial,gbq,5.0700,0.0000,5.0700,0.0000,-0.901533
cofacial,gbq,5.0800,0.0000,5.0800,0.0000,-0.894229
cofacial,gbq,5.0900,0.0000,5.0900,0.0000,-0.886979
cofacial,gbq,5.1000,0.0000,5.1000,0.0000,-0.879783
cofacial,gbq,5.1100,0.0000,5.1100,0.0000,-0.872640
cofacial,gbq,5.1200,0.0000,5.1200,0.0000,-0.865550
cofacial,gbq,5.1300,0.0000,5.1300,0.0000,-0.858514
cofacial,gbq,5.1400,0.0000,5.1400,0.0000,-0.851530
cofacial,gbq,5.1500,0.0000,5.1500,0.0000,-0.844600
cofacial,gbq,5.1600,0.0000,5.1600,0.0000,-0.837722
cofacial,gbq,5.1700,0.0000,5.1700,0.0000,-0.830897
cofacial,gbq,5.1800,0.0000,5.1800,0.0000,-0.824124
cofacial,gbq,5.1900,0.0000,5.1900,0.0000,-0.817404
cofacial,gbq,5.2000,0.0000,5.2000,0.0000,-0.810735
cofacial,gbq,5.2100,0.0000,5.2100,0.0000,-0.804119
cofacial,gbq,5.2200,0.0000,5.2200,0.0000,-0.797554
cofacial,gbq,5.2300,0.0000,5.2300,0.0000,-0.791040
cofacial,gbq,5.2400,0.0000,5.2400,0.0000,-0.784578
cofacial,gbq,5.2500,0.0000,5.2500,0.0000,-0.778167
cofacial,gbq,5.2600,0.0000,5.2600,0.0000,-0.771806
cofacial,gbq,5.2700,0.0000,5.2700,0.0000,-0.765496
cofacial,gbq,5.2800,0.0000,5.2800,0.0000,-0.759237
cofacial,gbq,5.2900,0.0000,5.2900,0.0000,-0.753027
cofacial,gbq,5.3000,0.0000,5.3000,0.0000,-0.746867
cofacial,gbq,5.3100,0.0000,5.3100,0.0000,-0.740757
cofacial,gbq,5.3200,0.0000,5.3200,0.0000,-0.734696
cofacial,gbq,5.3300,0.0000,5.3300,0.0000,-0.728684
cofacial,gbq,5.3400,0.0000,5.3400,0.0000,-0.722721
cofacial,gbq,5.3500,0.0000,5.3500,0.0000,-0.716807
cofacial,gbq,5.3600,0.0000,5.3600,0.0000,-0.710940
cofacial,gbq,5.3700,0.0000,5.3700,0.0000,-0.705122
cofacial,gbq,5.3800,0.0000,5.3800,0.0000,-0.699351
cofacial,gbq,5.3900,0.0000,5.3900,0.0000,-0.693628
cofacial,gbq,5.4000,0.0000,5.4000,0.0000,-0.687951
cofacial,gbq,5.4100,0.0000,5.4100,0.0000,-0.682322
cofacial,gbq,5.4200,0.0000,5.4200,0.0000,-0.676739
cofacial,gbq,5.4300,0.0000,5.4300,0.0000,-0.671202
cofacial,gbq,5.4400,0.0000,5.4400,0.0000,-0.665711
cofacial,gbq,5.4500,0.0000,5.4500,0.0000,-0.660266
cofacial,gbq,5.4600,0.0000,5.4600,0.0000,-0.654866
cofacial,gbq,5.4700,0.0000,5.4700,0.0000,-0.649511
cofacial,gbq,5.4800,0.0000,5.4800,0.0000,-0.644201
cofacial,gbq,5.4900,0.0000,5.4900,0.0000,-0.638935
cofacial,gbq,5.5000,0.0000,5.5000,0.0000,-0.633714
cofacial,gbq,5.5100,0.0000,5.5100,0.0000,-0.628536
cofacial,gbq,5.5200,0.0000,5.5200,0.0000,-0.623402
cofacial,gbq,5.5300,0.0000,5.5300,0.0000,-0.618311
cofacial,gbq,5.5400,0.0000,5.5400,0.0000,-0.613263
cofacial,gbq,5.5500,0.0000,5.5500,0.0000,-0.608257
cofacial,gbq,5.5600,0.0000,5.5600,0.0000,-0.603294
cofacial,gbq,5.5700,0.0000,5.5700,0.0000,-0.598373
cofacial,gbq,5.5800,0.0000,5.5800,0.0000,-0.593494
cofacial,gbq,5.5900,0.0000,5.5900,0.0000,-0.588656
cofacial,gbq,5.6000,0.0000,5.6000,0.0000,-0.583859
cofacial,gbq,5.6100,0.0000,5.6100,0.0000,-0.579103
cofacial,gbq,5.6200,0.0000,5.6200,0.0000,-0.574387
cofacial,gbq,5.6300,0.0000,5.6300,0.0000,-0.569711
cofacial,gbq,5.6400,0.0000,5.6400,0.0000,-0.565076
cofacial,gbq,5.6500,0.0000,5.6500,0.0000,-0.560480
cofacial,gbq,5.6600,0.0000,5.6600,0.0000,-0.555923
cofacial,gbq,5.6700,0.0000,5.6700,0.0000,-0.551405
cofacial,gbq,5.6800,0.0000,5.6800,0.0000,-0.546926
cofacial,gbq,5.6900,0.0000,5.6900,0.0000,-0.542485
cofacial,gbq,5.7000,0.0000,5.7000,0.0000,-0.538082
cofacial,gbq,5.7100,0.0000,5.7100,0.0000,-0.533717
cofacial,gbq,5.7200,0.0000,5.7200,0.0000,-0.529390
cofacial,gbq,5.7300,0.0000,5.7300,0.0000,-0.525099
cofacial,gbq,5.7400,0.0000,5.7400,0.0000,-0.520846
cofacial,gbq,5.7500,0.0000,5.7500,0.0000,-0.516629
cofacial,gbq,5.7600,0.0000,5.7600,0.0000,-0.512448
cofacial,gbq,5.7700,0.0000,5.7700,0.0000,-0.508304
cofacial,gbq,5.7800,0.0000,5.7800,0.0000,-0.504195
cofacial,gbq,5.7900,0.0000,5.7900,0.0000,-0.500121
cofacial,gbq,5.8000,0.0000,5.8000,0.0000,-0.496083
cofacial,gbq,5.8100,0.0000,5.8100,0.0000,-0.492079
cofacial,gbq,5.8200,0.0000,5.8200,0.0000,-0.488110
cofacial,gbq,5.8300,0.0000,5.8300,0.0000,-0.484175
cofacial,gbq,5.8400,0.0000,5.8400,0.0000,-0.480274
cofacial,gbq,5.8500,0.0000,5.8500,0.0000,-0.476407
cofacial,gbq,5.8600,0.0000,5.8600,0.0000,-0.472573
cofacial,gbq,5.8700,0.0000,5.8700,0.0000,-0.468773
cofacial,gbq,5.8800,0.0000,5.8800,0.0000,-0.465005
cofacial,gbq,5.8900,0.0000,5.8900,0.0000,-0.461270
cofacial,gbq,5.9000,0.0000,5.9000,0.0000,-0.457567
cofacial,gbq,5.9100,0.0000,5.9100,0.0000,-0.453896
cofacial,gbq,5.9200,0.0000,5.9200,0.0000,-0.450257
cofacial,gbq,5.9300,0.0000,5.9300,0.0000,-0.446650
cofacial,gbq,5.9400,0.0000,5.9400,0.0000,-0.443073
cofacial,gbq,5.9500,0.0000,5.9500,0.0000,-0.439528
cofacial,gbq,5.9600,0.0000,5.9600,0.0000,-0.436013
cofacial,gbq,5.9700,0.0000,5.9700,0.0000,-0.432529
cofacial,gbq,5.9800,0.0000,5.9800,0.0000,-0.429075
cofacial,gbq,5.9900,0.0000,5.9900,0.0000,-0.425650
cofacial,gbq,6.0000,0.0000,6.0000,0.0000,-0.422256
cofacial,gbq,6.0100,0.0000,6.0100,0.0000,-0.418891
cofacial,gbq,6.0200,0.0000,6.0200,0.0000,-0.415554
cofacial,gbq,6.0300,0.0000,6.0300,0.0000,-0.412247
cofacial,gbq,6.0400,0.0000,6.0400,0.0000,-0.408969
cofacial,gbq,6.0500,0.0000,6.0500,0.0000,-0.405719
cofacial,gbq,6.0600,0.0000,6.0600,0.0000,-0.402497
cofacial,gbq,6.0700,0.0000,6.0700,0.0000,-0.399302
cofacial,gbq,6.0800,0.0000,6.0800,0.0000,-0.396136
cofacial,gbq,6.0900,0.0000,6.0900,0.0000,-0.392997
cofacial,gbq,6.1000,0.0000,6.1000,0.0000,-0.389885
cofacial,gbq,6.1100,0.0000,6.1100,0.0000,-0.386800
cofacial,gbq,6.1200,0.0000,6.1200,0.0000,-0.383742
cofacial,gbq,6.1300,0.0000,6.1300,0.0000,-0.380710
cofacial,gbq,6.1400,0.0000,6.1400,0.0000,-0.377704
cofacial,gbq,6.1500,0.0000,6.1500,0.0000,-0.374725
cofacial,gbq,6.1600,0.0000,6.1600,0.0000,-0.371771
cofacial,gbq,6.1700,0.0000,6.1700,0.0000,-0.368842
cofacial,gbq,6.1800,0.0000,6.1800,0.0000,-0.365939
cofacial,gbq,6.1900,0.0000,6.1900,0.0000,-0.363061
cofacial,gbq,6.2000,0.0000,6.2000,0.0000,-0.360208
cofacial,gbq,6.2100,0.0000,6.2100,0.0000,-0.357380
cofacial,gbq,6.2200,0.0000,6.2200,0.0000,-0.354576
cofacial,gbq,6.2300,0.0000,6.2300,0.0000,-0.351796
cofacial,gbq,6.2400,0.0000,6.2400,0.0000,-0.349040
cofacial,gbq,6.2500,0.0000,6.2500,0.0000,-0.346308
cofacial,gbq,6.2600,0.0000,6.2600,0.0000,-0.343599
cofacial,gbq,6.2700,0.0000,6.2700,0.0000,-0.340914
cofacial,gbq,6.2800,0.0000,6.2800,0.0000,-0.338252
cofacial,gbq,6.2900,0.0000,6.2900,0.0000,-0.335613
cofacial,gbq,6.3000,0.0000,6.3000,0.0000,-0.332997
cofacial,gbq,6.3100,0.0000,6.3100,0.0000,-0.330403
cofacial,gbq,6.3200,0.0000,6.3200,0.0000,-0.327831
cofacial,gbq,6.3300,0.0000,6.3300,0.0000,-0.325282
cofacial,gbq,6.3400,0.0000,6.3400,0.0000,-0.322754
cofacial,gbq,6.3500,0.0000,6.3500,0.0000,-0.320248
cofacial,gbq,6.3600,0.0000,6.3600,0.0000,-0.317764
cofacial,gbq,6.3700,0.0000,6.3700,0.0000,-0.315301
cofacial,gbq,6.3800,0.0000,6.3800,0.0000,-0.312859
cofacial,gbq,6.3900,0.0000,6.3900,0.0000,-0.310438
cofacial,gbq,6.4000,0.0000,6.4000,0.0000,-0.308038
cofacial,gbq,6.4100,0.0000,6.4100,0.0000,-0.305658
cofacial,gbq,6.4200,0.0000,6.4200,0.0000,-0.303299
cofacial,gbq,6.4300,0.0000,6.4300,0.0000,-0.300960
cofacial,gbq,6.4400,0.0000,6.4400,0.0000,-0.298641
cofacial,gbq,6.4500,0.0000,6.4500,0.0000,-0.296342
cofacial,gbq,6.4600,0.0000,6.4600,0.0000,-0.294063
cofacial,gbq,6.4700,0.0000,6.4700,0.0000,-0.291803
cofacial,gbq,6.4800,0.0000,6.4800,0.0000,-0.289562
cofacial,gbq,6.4900,0.0000,6.4900,0.0000,-0.287340
cofacial,gbq,6.5000,0.0000,6.5000,0.0000,-0.285138
cofacial,gbq,6.5100,0.0000,6.5100,0.0000,-0.282954
cofacial,gbq,6.5200,0.0000,6.5200,0.0000,-0.280789
cofacial,gbq,6.5300,0.0000,6.5300,0.0000,-0.278642
cofacial,gbq,6.5400,0.0000,6.5400,0.0000,-0.276514
cofacial,gbq,6.5500,0.0000,6.5500,0.0000,-0.274403
cofacial,gbq,6.5600,0.0000,6.5600,0.0000,-0.272311
cofacial,gbq,6.5700,0.0000,6.5700,0.0000,-0.270236
cofacial,gbq,6.5800,0.0000,6.5800,0.0000,-0.268179
cofacial,gbq,6.5900,0.0000,6.5900,0.0000,-0.266140
cofacial,gbq,6.6000,0.0000,6.6000,0.0000,-0.264117
cofacial,gbq,6.6100,0.0000,6.6100,0.0000,-0.262112
cofacial,gbq,6.6200,0.0000,6.6200,0.0000,-0.260124
cofacial,gbq,6.6300,0.0000,6.6300,0.0000,-0.258153
cofacial,gbq,6.6400,0.0000,6.6400,0.0000,-0.256198
cofacial,gbq,6.6500,0.0000,6.6500,0.0000,-0.254260
cofacial,gbq,6.6600,0.0000,6.6600,0.0000,-0.252339
cofacial,gbq,6.6700,0.0000,6.6700,0.0000,-0.250433
cofacial,gbq,6.6800,0.0000,6.6800,0.0000,-0.248544
cofacial,gbq,6.6900,0.0000,6.6900,0.0000,-0.246671
cofacial,gbq,6.7000,0.0000,6.7000,0.0000,-0.244813
cofacial,gbq,6.7100,0.0000,6.7100,0.0000,-0.242971
cofacial,gbq,6.7200,0.0000,6.7200,0.0000,-0.241145
cofacial,gbq,6.7300,0.0000,6.7300,0.0000,-0.239334
cofacial,gbq,6.7400,0.0000,6.7400,0.0000,-0.237538
cofacial,gbq,6.7500,0.0000,6.7500,0.0000,-0.235757
cofacial,gbq,6.7600,0.0000,6.7600,0.0000,-0.233991
cofacial,gbq,6.7700,0.0000,6.7700,0.0000,-0.232240
cofacial,gbq,6.7800,0.0000,6.7800,0.0000,-0.230504
cofacial,gbq,6.7900,0.0000,6.7900,0.0000,-0.228783
cofacial,gbq,6.8000,0.0000,6.8000,0.0000,-0.227075
cofacial,gbq,6.8100,0.0000,6.8100,0.0000,-0.225382
cofacial,gbq,6.8200,0.0000,6.8200,0.0000,-0.223704
cofacial,gbq,6.8300,0.0000,6.8300,0.0000,-0.222039
cofacial,gbq,6.8400,0.0000,6.8400,0.0000,-0.220388
cofacial,gbq,6.8500,0.0000,6.8500,0.0000,-0.218751
cofacial,gbq,6.8600,0.0000,6.8600,0.0000,-0.217128
cofacial,gbq,6.8700,0.0000,6.8700,0.0000,-0.215518
cofacial,gbq,6.8800,0.0000,6.8800,0.0000,-0.213921
cofacial,gbq,6.8900,0.0000,6.8900,0.0000,-0.212338
cofacial,gbq,6.9000,0.0000,6.9000,0.0000,-0.210768
cofacial,gbq,6.9100,0.0000,6.9100,0.0000,-0.209211
cofacial,gbq,6.9200,0.0000,6.9200,0.0000,-0.207667
cofacial,gbq,6.9300,0.0000,6.9300,0.0000,-0.206136
cofacial,gbq,6.9400,0.0000,6.9400,0.0000,-0.204617
cofacial,gbq,6.9500,0.0000,6.9500,0.0000,-0.203112
cofacial,gbq,6.9600,0.0000,6.9600,0.0000,-0.201618
cofacial,gbq,6.9700,0.0000,6.9700,0.0000,-0.200137
cofacial,gbq,6.9800,0.0000,6.9800,0.0000,-0.198668
cofacial,gbq,6.9900,0.0000,6.9900,0.0000,-0.197212
cofacial,gbq,7.0000,0.0000,7.0000,0.0000,-0.195767
cofacial,gbq,7.0100,0.0000,7.0100,0.0000,-0.194334
cofacial,gbq,7.0200,0.0000,7.0200,0.0000,-0.192913
cofacial,gbq,7.0300,0.0000,7.0300,0.0000,-0.191504
cofacial,gbq,7.0400,0.0000,7.0400,0.0000,-0.190106
cofacial,gbq,7.0500,0.0000,7.0500,0.0000,-0.188720
cofacial,gbq,7.0600,0.0000,7.0600,0.0000,-0.187346
cofacial,gbq,7.0700,0.0000,7.0700,0.0000,-0.185982
cofacial,gbq,7.0800,0.0000,7.0800,0.0000,-0.184630
cofacial,gbq,7.0900,0.0000,7.0900,0.0000,-0.183289
cofacial,gbq,7.1000,0.0000,7.1000,0.0000,-0.181959
cofacial,gbq,7.1100,0.0000,7.1100,0.0000,-0.180640
cofacial,gbq,7.1200,0.0000,7.1200,0.0000,-0.179331
cofacial,gbq,7.1300,0.0000,7.1300,0.0000,-0.178033
cofacial,gbq,7.1400,0.0000,7.1400,0.0000,-0.176746
cofacial,gbq,7.1500,0.0000,7.1500,0.0000,-0.175470
cofacial,gbq,7.1600,0.0000,7.1600,0.0000,-0.174203
cofacial,gbq,7.1700,0.0000,7.1700,0.0000,-0.172948
cofacial,gbq,7.1800,0.0000,7.1800,0.0000,-0.171702
cofacial,gbq,7.1900,0.0000,7.1900,0.0000,-0.170466
cofacial,gbq,7.2000,0.0000,7.2000,0.0000,-0.169241
cofacial,gbq,7.2100,0.0000,7.2100,0.0000,-0.168025
cofacial,gbq,7.2200,0.0000,7.2200,0.0000,-0.166820
cofacial,gbq,7.2300,0.0000,7.2300,0.0000,-0.165624
cofacial,gbq,7.2400,0.0000,7.2400,0.0000,-0.164438
cofacial,gbq,7.2500,0.0000,7.2500,0.0000,-0.163261
cofacial,gbq,7.2600,0.0000,7.2600,0.0000,-0.162094
cofacial,gbq,7.2700,0.0000,7.2700,0.0000,-0.160936
cofacial,gbq,7.2800,0.0000,7.2800,0.0000,-0.159788
cofacial,gbq,7.2900,0.0000,7.2900,0.0000,-0.158649
cofacial,gbq,7.3000,0.0000,7.3000,0.0000,-0.157519
cofacial,gbq,7.3100,0.0000,7.3100,0.0000,-0.156399
cofacial,gbq,7.3200,0.0000,7.3200,0.0000,-0.155287
cofacial,gbq,7.3300,0.0000,7.3300,0.0000,-0.154184
cofacial,gbq,7.3400,0.0000,7.3400,0.0000,-0.153090
cofacial,gbq,7.3500,0.0000,7.3500,0.0000,-0.152005
cofacial,gbq,7.3600,0.0000,7.3600,0.0000,-0.150929
cofacial,gbq,7.3700,0.0000,7.3700,0.0000,-0.149861
cofacial,gbq,7.3800,0.0000,7.3800,0.0000,-0.148802
cofacial,gbq,7.3900,0.0000,7.3900,0.0000,-0.147751
cofacial,gbq,7.4000,0.0000,7.4000,0.0000,-0.146709
cofacial,gbq,7.4100,0.0000,7.4100,0.0000,-0.145675
cofacial,gbq,7.4200,0.0000,7.4200,0.0000,-0.144649
cofacial,gbq,7.4300,0.0000,7.4300,0.0000,-0.143632
cofacial,gbq,7.4400,0.0000,7.4400,0.0000,-0.142623
cofacial,gbq,7.4500,0.0000,7.4500,0.0000,-0.141621
cofacial,gbq,7.4600,0.0000,7.4600,0.0000,-0.140628
cofacial,gbq,7.4700,0.0000,7.4700,0.0000,-0.139642
cofacial,gbq,7.4800,0.0000,7.4800,0.0000,-0.138665
cofacial,gbq,7.4900,0.0000,7.4900,0.0000,-0.137695
cofacial,gbq,7.5000,0.0000,7.5000,0.0000,-0.136733
cofacial,gbq,7.5100,0.0000,7.5100,0.0000,-0.135778
cofacial,gbq,7.5200,0.0000,7.5200,0.0000,-0.134831
cofacial,gbq,7.5300,0.0000,7.5300,0.0000,-0.133892
cofacial,gbq,7.5400,0.0000,7.5400,0.0000,-0.132959
cofacial,gbq,7.5500,0.0000,7.5500,0.0000,-0.132035
cofacial,gbq,7.5600,0.0000,7.5600,0.0000,-0.131117
cofacial,gbq,7.5700,0.0000,7.5700,0.0000,-0.130207
cofacial,gbq,7.5800,0.0000,7.5800,0.0000,-0.129304
cofacial,gbq,7.5900,0.0000,7.5900,0.0000,-0.128408
cofacial,gbq,7.6000,0.0000,7.6000,0.0000,-0.127519
cofacial,gbq,7.6100,0.0000,7.6100,0.0000,-0.126638
cofacial,gbq,7.6200,0.0000,7.6200,0.0000,-0.125763
cofacial,gbq,7.6300,0.0000,7.6300,0.0000,-0.124895
cofacial,gbq,7.6400,0.0000,7.6400,0.0000,-0.124033
cofacial,gbq,7.6500,0.0000,7.6500,0.0000,-0.123179
cofacial,gbq,7.6600,0.0000,7.6600,0.0000,-0.122331
cofacial,gbq,7.6700,0.0000,7.6700,0.0000,-0.121490
cofacial,gbq,7.6800,0.0000,7.6800,0.0000,-0.120655
cofacial,gbq,7.6900,0.0000,7.6900,0.0000,-0.119827
cofacial,gbq,7.7000,0.0000,7.7000,0.0000,-0.119005
cofacial,gbq,7.7100,0.0000,7.7100,0.0000,-0.118190
cofacial,gbq,7.7200,0.0000,7.7200,0.0000,-0.117381
cofacial,gbq,7.7300,0.0000,7.7300,0.0000,-0.116579
cofacial,gbq,7.7400,0.0000,7.7400,0.0000,-0.115782
cofacial,gbq,7.7500,0.0000,7.7500,0.0000,-0.114992
cofacial,gbq,7.7600,0.0000,7.7600,0.0000,-0.114208
cofacial,gbq,7.7700,0.0000,7.7700,0.0000,-0.113430
cofacial,gbq,7.7800,0.0000,7.7800,0.0000,-0.112658
cofacial,gbq,7.7900,0.0000,7.7900,0.0000,-0.111892
cofacial,gbq,7.8000,0.0000,7.8000,0.0000,-0.111132
cofacial,gbq,7.8100,0.0000,7.8100,0.0000,-0.110378
cofacial,gbq,7.8200,0.0000,7.8200,0.0000,-0.109630
cofacial,gbq,7.8300,0.0000,7.8300,0.0000,-0.108887
cofacial,gbq,7.8400,0.0000,7.8400,0.0000,-0.108150
cofacial,gbq,7.8500,0.0000,7.8500,0.0000,-0.107419
cofacial,gbq,7.8600,0.0000,7.8600,0.0000,-0.106693
cofacial,gbq,7.8700,0.0000,7.8700,0.0000,-0.105973
cofacial,gbq,7.8800,0.0000,7.8800,0.0000,-0.105259
cofacial,gbq,7.8900,0.0000,7.8900,0.0000,-0.104550
cofacial,gbq,7.9000,0.0000,7.9000,0.0000,-0.103846
cofacial,gbq,7.9100,0.0000,7.9100,0.0000,-0.103148
cofacial,gbq,7.9200,0.0000,7.9200,0.0000,-0.102455
cofacial,gbq,7.9300,0.0000,7.9300,0.0000,-0.101768
cofacial,gbq,7.9400,0.0000,7.9400,0.0000,-0.101086
cofacial,gbq,7.9500,0.0000,7.9500,0.0000,-0.100409
cofacial,gbq,7.9600,0.0000,7.9600,0.0000,-0.099737
cofacial,gbq,7.9700,0.0000,7.9700,0.0000,-0.099070
cofacial,gbq,7.9800,0.0000,7.9800,0.0000,-0.098408
cofacial,gbq,7.9900,0.0000,7.9900,0.0000,-0.097752
cofacial,gbq,8.0000,0.0000,8.0000,0.0000,-0.097100
cofacial,gbq,8.0100,0.0000,8.0100,0.0000,-0.096453
cofacial,gbq,8.0200,0.0000,8.0200,0.0000,-0.095811
cofacial,gbq,8.0300,0.0000,8.0300,0.0000,-0.095175
cofacial,gbq,8.0400,0.0000,8.0400,0.0000,-0.094542
cofacial,gbq,8.0500,0.0000,8.0500,0.0000,-0.093915
cofacial,gbq,8.0600,0.0000,8.0600,0.0000,-0.093292
cofacial,gbq,8.0700,0.0000,8.0700,0.0000,-0.092675
cofacial,gbq,8.0800,0.0000,8.0800,0.0000,-0.092061
cofacial,gbq,8.0900,0.0000,8.0900,0.0000,-0.091453
cofacial,gbq,8.1000,0.0000,8.1000,0.0000,-0.090849
cofacial,gbq,8.1100,0.0000,8.1100,0.0000,-0.090249
cofacial,gbq,8.1200,0.0000,8.1200,0.0000,-0.089654
cofacial,gbq,8.1300,0.0000,8.1300,0.0000,-0.089064
cofacial,gbq,8.1400,0.0000,8.1400,0.0000,-0.088478
cofacial,gbq,8.1500,0.0000,8.1500,0.0000,-0.087896
cofacial,gbq,8.1600,0.0000,8.1600,0.0000,-0.087319
cofacial,gbq,8.1700,0.0000,8.1700,0.0000,-0.086746
cofacial,gbq,8.1800,0.0000,8.1800,0.0000,-0.086177
cofacial,gbq,8.1900,0.0000,8.1900,0.0000,-0.085613
cofacial,gbq,8.2000,0.0000,8.2000,0.0000,-0.085052
cofacial,gbq,8.2100,0.0000,8.2100,0.0000,-0.084496
cofacial,gbq,8.2200,0.0000,8.2200,0.0000,-0.083944
cofacial,gbq,8.2300,0.0000,8.2300,0.0000,-0.083397
cofacial,gbq,8.2400,0.0000,8.2400,0.0000,-0.082853
cofacial,gbq,8.2500,0.0000,8.2500,0.0000,-0.082313
cofacial,gbq,8.2600,0.0000,8.2600,0.0000,-0.081778
cofacial,gbq,8.2700,0.0000,8.2700,0.0000,-0.081246
cofacial,gbq,8.2800,0.0000,8.2800,0.0000,-0.080718
cofacial,gbq,8.2900,0.0000,8.2900,0.0000,-0.080194
cofacial,gbq,8.3000,0.0000,8.3000,0.0000,-0.079674
cofacial,gbq,8.3100,0.0000,8.3100,0.0000,-0.079158
cofacial,gbq,8.3200,0.0000,8.3200,0.0000,-0.078646
cofacial,gbq,8.3300,0.0000,8.3300,0.0000,-0.078137
cofacial,gbq,8.3400,0.0000,8.3400,0.0000,-0.077633
cofacial,gbq,8.3500,0.0000,8.3500,0.0000,-0.077132
cofacial,gbq,8.3600,0.0000,8.3600,0.0000,-0.076634
cofacial,gbq,8.3700,0.0000,8.3700,0.0000,-0.076141
cofacial,gbq,8.3800,0.0000,8.3800,0.0000,-0.075651
cofacial,gbq,8.3900,0.0000,8.3900,0.0000,-0.075164
cofacial,gbq,8.4000,0.0000,8.4000,0.0000,-0.074681
cofacial,gbq,8.4100,0.0000,8.4100,0.0000,-0.074202
cofacial,gbq,8.4200,0.0000,8.4200,0.0000,-0.073726
cofacial,gbq,8.4300,0.0000,8.4300,0.0000,-0.073254
cofacial,gbq,8.4400,0.0000,8.4400,0.0000,-0.072785
cofacial,gbq,8.4500,0.0000,8.4500,0.0000,-0.072319
cofacial,gbq,8.4600,0.0000,8.4600,0.0000,-0.071857
cofacial,gbq,8.4700,0.0000,8.4700,0.0000,-0.071398
cofacial,gbq,8.4800,0.0000,8.4800,0.0000,-0.070943
cofacial,gbq,8.4900,0.0000,8.4900,0.0000,-0.070491
cofacial,gbq,8.5000,0.0000,8.5000,0.0000,-0.070042
cofacial,gbq,8.5100,0.0000,8.5100,0.0000,-0.069597
cofacial,gbq,8.5200,0.0000,8.5200,0.0000,-0.069154
cofacial,gbq,8.5300,0.0000,8.5300,0.0000,-0.068715
cofacial,gbq,8.5400,0.0000,8.5400,0.0000,-0.068280
cofacial,gbq,8.5500,0.0000,8.5500,0.0000,-0.067847
cofacial,gbq,8.5600,0.0000,8.5600,0.0000,-0.067417
cofacial,gbq,8.5700,0.0000,8.5700,0.0000,-0.066991
cofacial,gbq,8.5800,0.0000,8.5800,0.0000,-0.066567
cofacial,gbq,8.5900,0.0000,8.5900,0.0000,-0.066147
cofacial,gbq,8.6000,0.0000,8.6000,0.0000,-0.065730
cofacial,gbq,8.6100,0.0000,8.6100,0.0000,-0.065315
cofacial,gbq,8.6200,0.0000,8.6200,0.0000,-0.064904
cofacial,gbq,8.6300,0.0000,8.6300,0.0000,-0.064496
cofacial,gbq,8.6400,0.0000,8.6400,0.0000,-0.064090
cofacial,gbq,8.6500,0.0000,8.6500,0.0000,-0.063688
cofacial,gbq,8.6600,0.0000,8.6600,0.0000,-0.063288
cofacial,gbq,8.6700,0.0000,8.6700,0.0000,-0.062891
cofacial,gbq,8.6800,0.0000,8.6800,0.0000,-0.062497
cofacial,gbq,8.6900,0.0000,8.6900,0.0000,-0.062106
cofacial,gbq,8.7000,0.0000,8.7000,0.0000,-0.061718
cofacial,gbq,8.7100,0.0000,8.7100,0.0000,-0.061332
cofacial,gbq,8.7200,0.0000,8.7200,0.0000,-0.060950
cofacial,gbq,8.7300,0.0000,8.7300,0.0000,-0.060570
cofacial,gbq,8.7400,0.0000,8.7400,0.0000,-0.060192
cofacial,gbq,8.7500,0.0000,8.7500,0.0000,-0.059818
cofacial,gbq,8.7600,0.0000,8.7600,0.0000,-0.059446
cofacial,gbq,8.7700,0.0000,8.7700,0.0000,-0.059076
cofacial,gbq,8.7800,0.0000,8.7800,0.0000,-0.058709
cofacial,gbq,8.7900,0.0000,8.7900,0.0000,-0.058345
cofacial,gbq,8.8000,0.0000,8.8000,0.0000,-0.057984
cofacial,gbq,8.8100,0.0000,8.8100,0.0000,-0.057625
cofacial,gbq,8.8200,0.0000,8.8200,0.0000,-0.057268
cofacial,gbq,8.8300,0.0000,8.8300,0.0000,-0.056914
cofacial,gbq,8.8400,0.0000,8.8400,0.0000,-0.056563
cofacial,gbq,8.8500,0.0000,8.8500,0.0000,-0.056214
cofacial,gbq,8.8600,0.0000,8.8600,0.0000,-0.055868
cofacial,gbq,8.8700,0.0000,8.8700,0.0000,-0.055523
cofacial,gbq,8.8800,0.0000,8.8800,0.0000,-0.055182
cofacial,gbq,8.8900,0.0000,8.8900,0.0000,-0.054843
cofacial,gbq,8.9000,0.0000,8.9000,0.0000,-0.054506
cofacial,gbq,8.9100,0.0000,8.9100,0.0000,-0.054171
cofacial,gbq,8.9200,0.0000,8.9200,0.0000,-0.053839
cofacial,gbq,8.9300,0.0000,8.9300,0.0000,-0.053509
cofacial,gbq,8.9400,0.0000,8.9400,0.0000,-0.053182
cofacial,gbq,8.9500,0.0000,8.9500,0.0000,-0.052857
cofacial,gbq,8.9600,0.0000,8.9600,0.0000,-0.052534
cofacial,gbq,8.9700,0.0000,8.9700,0.0000,-0.052213
cofacial,gbq,8.9800,0.0000,8.9800,0.0000,-0.051895
cofacial,gbq,8.9900,0.0000,8.9900,0.0000,-0.051578
cofacial,gbq,9.0000,0.0000,9.0000,0.0000,-0.051264
parallel_displaced,uma,3.5000,0.0000,3.5000,0.0000,-0.927243
parallel_displaced,uma,3.5004,0.0000,3.5000,0.0500,-0.933312
parallel_displaced,uma,3.5014,0.0000,3.5000,0.1000,-0.951387
parallel_displaced,uma,3.5032,0.0000,3.5000,0.1500,-0.981228
parallel_displaced,uma,3.5057,0.0000,3.5000,0.2000,-1.022395
parallel_displaced,uma,3.5089,0.0000,3.5000,0.2500,-1.074261
parallel_displaced,uma,3.5128,0.0000,3.5000,0.3000,-1.136125
parallel_displaced,uma,3.5175,0.0000,3.5000,0.3500,-1.207080
parallel_displaced,uma,3.5228,0.0000,3.5000,0.4000,-1.286145
parallel_displaced,uma,3.5288,0.0000,3.5000,0.4500,-1.372261
parallel_displaced,uma,3.5355,0.0000,3.5000,0.5000,-1.464288
parallel_displaced,uma,3.5430,0.0000,3.5000,0.5500,-1.561023
parallel_displaced,uma,3.5511,0.0000,3.5000,0.6000,-1.661242
parallel_displaced,uma,3.5598,0.0000,3.5000,0.6500,-1.763729
parallel_displaced,uma,3.5693,0.0000,3.5000,0.7000,-1.867326
parallel_displaced,uma,3.5795,0.0000,3.5000,0.7500,-1.970887
parallel_displaced,uma,3.5903,0.0000,3.5000,0.8000,-2.073366
parallel_displaced,uma,3.6017,0.0000,3.5000,0.8500,-2.173777
parallel_displaced,uma,3.6139,0.0000,3.5000,0.9000,-2.271230
parallel_displaced,uma,3.6266,0.0000,3.5000,0.9500,-2.364917
parallel_displaced,uma,3.6401,0.0000,3.5000,1.0000,-2.454156
parallel_displaced,uma,3.6541,0.0000,3.5000,1.0500,-2.538411
parallel_displaced,uma,3.6688,0.0000,3.5000,1.1000,-2.617204
parallel_displaced,uma,3.6841,0.0000,3.5000,1.1500,-2.690229
parallel_displaced,uma,3.7000,0.0000,3.5000,1.2000,-2.757184
parallel_displaced,uma,3.7165,0.0000,3.5000,1.2500,-2.817902
parallel_displaced,uma,3.7336,0.0000,3.5000,1.3000,-2.872256
parallel_displaced,uma,3.7513,0.0000,3.5000,1.3500,-2.920210
parallel_displaced,uma,3.7696,0.0000,3.5000,1.4000,-2.961726
parallel_displaced,uma,3.7885,0.0000,3.5000,1.4500,-2.996806
parallel_displaced,uma,3.8079,0.0000,3.5000,1.5000,-3.025440
parallel_displaced,uma,3.8279,0.0000,3.5000,1.5500,-3.047749
parallel_displaced,uma,3.8484,0.0000,3.5000,1.6000,-3.063952
parallel_displaced,uma,3.8694,0.0000,3.5000,1.6500,-3.074205
parallel_displaced,uma,3.8910,0.0000,3.5000,1.7000,-3.078744
parallel_displaced,uma,3.9131,0.0000,3.5000,1.7500,-3.077922
parallel_displaced,uma,3.9357,0.0000,3.5000,1.8000,-3.072116
parallel_displaced,uma,3.9589,0.0000,3.5000,1.8500,-3.061717
parallel_displaced,uma,3.9825,0.0000,3.5000,1.9000,-3.047147
parallel_displaced,uma,4.0066,0.0000,3.5000,1.9500,-3.028819
parallel_displaced,uma,4.0311,0.0000,3.5000,2.0000,-3.007165
parallel_displaced,uma,4.0562,0.0000,3.5000,2.0500,-2.982566
parallel_displaced,uma,4.0817,0.0000,3.5000,2.1000,-2.955425
parallel_displaced,uma,4.1076,0.0000,3.5000,2.1500,-2.926126
parallel_displaced,uma,4.1340,0.0000,3.5000,2.2000,-2.895087
parallel_displaced,uma,4.1608,0.0000,3.5000,2.2500,-2.862703
parallel_displaced,uma,4.1881,0.0000,3.5000,2.3000,-2.829341
parallel_displaced,uma,4.2157,0.0000,3.5000,2.3500,-2.795322
parallel_displaced,uma,4.2438,0.0000,3.5000,2.4000,-2.761008
parallel_displaced,uma,4.2723,0.0000,3.5000,2.4500,-2.726761
parallel_displaced,uma,4.3012,0.0000,3.5000,2.5000,-2.692843
parallel_displaced,uma,4.3304,0.0000,3.5000,2.5500,-2.659396
parallel_displaced,uma,4.3600,0.0000,3.5000,2.6000,-2.626512
parallel_displaced,uma,4.3900,0.0000,3.5000,2.6500,-2.594324
parallel_displaced,uma,4.4204,0.0000,3.5000,2.7000,-2.562850
parallel_displaced,uma,4.4511,0.0000,3.5000,2.7500,-2.532058
parallel_displaced,uma,4.4822,0.0000,3.5000,2.8000,-2.501821
parallel_displaced,uma,4.5136,0.0000,3.5000,2.8500,-2.472132
parallel_displaced,uma,4.5453,0.0000,3.5000,2.9000,-2.442962
parallel_displaced,uma,4.5774,0.0000,3.5000,2.9500,-2.414350
parallel_displaced,uma,4.6098,0.0000,3.5000,3.0000,-2.386310
parallel_displaced,gbq,3.5000,0.0000,3.5000,0.0000,-0.886004
parallel_displaced,gbq,3.5000,0.0000,3.5000,0.0100,-0.886137
parallel_displaced,gbq,3.5001,0.0000,3.5000,0.0200,-0.886536
parallel_displaced,gbq,3.5001,0.0000,3.5000,0.0300,-0.887200
parallel_displaced,gbq,3.5002,0.0000,3.5000,0.0400,-0.888130
parallel_displaced,gbq,3.5004,0.0000,3.5000,0.0500,-0.889325
parallel_displaced,gbq,3.5005,0.0000,3.5000,0.0600,-0.890785
parallel_displaced,gbq,3.5007,0.0000,3.5000,0.0700,-0.892508
parallel_displaced,gbq,3.5009,0.0000,3.5000,0.0800,-0.894495
parallel_displaced,gbq,3.5012,0.0000,3.5000,0.0900,-0.896744
parallel_displaced,gbq,3.5014,0.0000,3.5000,0.1000,-0.899255
parallel_displaced,gbq,3.5017,0.0000,3.5000,0.1100,-0.902026
parallel_displaced,gbq,3.5021,0.0000,3.5000,0.1200,-0.905057
parallel_displaced,gbq,3.5024,0.0000,3.5000,0.1300,-0.908345
parallel_displaced,gbq,3.5028,0.0000,3.5000,0.1400,-0.911891
parallel_displaced,gbq,3.5032,0.0000,3.5000,0.1500,-0.915691
parallel_displaced,gbq,3.5037,0.0000,3.5000,0.1600,-0.919746
parallel_displaced,gbq,3.5041,0.0000,3.5000,0.1700,-0.924052
parallel_displaced,gbq,3.5046,0.0000,3.5000,0.1800,-0.928609
parallel_displaced,gbq,3.5052,0.0000,3.5000,0.1900,-0.933415
parallel_displaced,gbq,3.5057,0.0000,3.5000,0.2000,-0.938466
parallel_displaced,gbq,3.5063,0.0000,3.5000,0.2100,-0.943763
parallel_displaced,gbq,3.5069,0.0000,3.5000,0.2200,-0.949301
parallel_displaced,gbq,3.5075,0.0000,3.5000,0.2300,-0.955080
parallel_displaced,gbq,3.5082,0.0000,3.5000,0.2400,-0.961097
parallel_displaced,gbq,3.5089,0.0000,3.5000,0.2500,-0.967348
parallel_displaced,gbq,3.5096,0.0000,3.5000,0.2600,-0.973833
parallel_displaced,gbq,3.5104,0.0000,3.5000,0.2700,-0.980548
parallel_displaced,gbq,3.5112,0.0000,3.5000,0.2800,-0.987490
parallel_displaced,gbq,3.5120,0.0000,3.5000,0.2900,-0.994657
parallel_displaced,gbq,3.5128,0.0000,3.5000,0.3000,-1.002046
parallel_displaced,gbq,3.5137,0.0000,3.5000,0.3100,-1.009654
parallel_displaced,gbq,3.5146,0.0000,3.5000,0.3200,-1.017478
parallel_displaced,gbq,3.5155,0.0000,3.5000,0.3300,-1.025514
parallel_displaced,gbq,3.5165,0.0000,3.5000,0.3400,-1.033760
parallel_displaced,gbq,3.5175,0.0000,3.5000,0.3500,-1.042212
parallel_displaced,gbq,3.5185,0.0000,3.5000,0.3600,-1.050868
parallel_displaced,gbq,3.5195,0.0000,3.5000,0.3700,-1.059723
parallel_displaced,gbq,3.5206,0.0000,3.5000,0.3800,-1.068774
parallel_displaced,gbq,3.5217,0.0000,3.5000,0.3900,-1.078018
parallel_displaced,gbq,3.5228,0.0000,3.5000,0.4000,-1.087450
parallel_displaced,gbq,3.5239,0.0000,3.5000,0.4100,-1.097068
parallel_displaced,gbq,3.5251,0.0000,3.5000,0.4200,-1.106868
parallel_displaced,gbq,3.5263,0.0000,3.5000,0.4300,-1.116846
parallel_displaced,gbq,3.5275,0.0000,3.5000,0.4400,-1.126997
parallel_displaced,gbq,3.5288,0.0000,3.5000,0.4500,-1.137319
parallel_displaced,gbq,3.5301,0.0000,3.5000,0.4600,-1.147806
parallel_displaced,gbq,3.5314,0.0000,3.5000,0.4700,-1.158456
parallel_displaced,gbq,3.5328,0.0000,3.5000,0.4800,-1.169264
parallel_displaced,gbq,3.5341,0.0000,3.5000,0.4900,-1.180226
parallel_displaced,gbq,3.5355,0.0000,3.5000,0.5000,-1.191338
parallel_displaced,gbq,3.5370,0.0000,3.5000,0.5100,-1.202596
parallel_displaced,gbq,3.5384,0.0000,3.5000,0.5200,-1.213995
parallel_displaced,gbq,3.5399,0.0000,3.5000,0.5300,-1.225531
parallel_displaced,gbq,3.5414,0.0000,3.5000,0.5400,-1.237201
parallel_displaced,gbq,3.5430,0.0000,3.5000,0.5500,-1.248999
parallel_displaced,gbq,3.5445,0.0000,3.5000,0.5600,-1.260921
parallel_displaced,gbq,3.5461,0.0000,3.5000,0.5700,-1.272963
parallel_displaced,gbq,3.5477,0.0000,3.5000,0.5800,-1.285121
parallel_displaced,gbq,3.5494,0.0000,3.5000,0.5900,-1.297391
parallel_displaced,gbq,3.5511,0.0000,3.5000,0.6000,-1.309767
parallel_displaced,gbq,3.5528,0.0000,3.5000,0.6100,-1.322245
parallel_displaced,gbq,3.5545,0.0000,3.5000,0.6200,-1.334821
parallel_displaced,gbq,3.5562,0.0000,3.5000,0.6300,-1.347490
parallel_displaced,gbq,3.5580,0.0000,3.5000,0.6400,-1.360248
parallel_displaced,gbq,3.5598,0.0000,3.5000,0.6500,-1.373091
parallel_displaced,gbq,3.5617,0.0000,3.5000,0.6600,-1.386013
parallel_displaced,gbq,3.5636,0.0000,3.5000,0.6700,-1.399011
parallel_displaced,gbq,3.5654,0.0000,3.5000,0.6800,-1.412080
parallel_displaced,gbq,3.5674,0.0000,3.5000,0.6900,-1.425215
parallel_displaced,gbq,3.5693,0.0000,3.5000,0.7000,-1.438412
parallel_displaced,gbq,3.5713,0.0000,3.5000,0.7100,-1.451666
parallel_displaced,gbq,3.5733,0.0000,3.5000,0.7200,-1.464973
parallel_displaced,gbq,3.5753,0.0000,3.5000,0.7300,-1.478329
parallel_displaced,gbq,3.5774,0.0000,3.5000,0.7400,-1.491728
parallel_displaced,gbq,3.5795,0.0000,3.5000,0.7500,-1.505167
parallel_displaced,gbq,3.5816,0.0000,3.5000,0.7600,-1.518640
parallel_displaced,gbq,3.5837,0.0000,3.5000,0.7700,-1.532145
parallel_displaced,gbq,3.5859,0.0000,3.5000,0.7800,-1.545675
parallel_displaced,gbq,3.5880,0.0000,3.5000,0.7900,-1.559227
parallel_displaced,gbq,3.5903,0.0000,3.5000,0.8000,-1.572797
parallel_displaced,gbq,3.5925,0.0000,3.5000,0.8100,-1.586380
parallel_displaced,gbq,3.5948,0.0000,3.5000,0.8200,-1.599971
parallel_displaced,gbq,3.5971,0.0000,3.5000,0.8300,-1.613567
parallel_displaced,gbq,3.5994,0.0000,3.5000,0.8400,-1.627163
parallel_displaced,gbq,3.6017,0.0000,3.5000,0.8500,-1.640755
parallel_displaced,gbq,3.6041,0.0000,3.5000,0.8600,-1.654339
parallel_displaced,gbq,3.6065,0.0000,3.5000,0.8700,-1.667910
parallel_displaced,gbq,3.6089,0.0000,3.5000,0.8800,-1.681465
parallel_displaced,gbq,3.6114,0.0000,3.5000,0.8900,-1.695000
parallel_displaced,gbq,3.6139,0.0000,3.5000,0.9000,-1.708509
parallel_displaced,gbq,3.6164,0.0000,3.5000,0.9100,-1.721990
parallel_displaced,gbq,3.6189,0.0000,3.5000,0.9200,-1.735439
parallel_displaced,gbq,3.6214,0.0000,3.5000,0.9300,-1.748851
parallel_displaced,gbq,3.6240,0.0000,3.5000,0.9400,-1.762222
parallel_displaced,gbq,3.6266,0.0000,3.5000,0.9500,-1.775550
parallel_displaced,gbq,3.6293,0.0000,3.5000,0.9600,-1.788829
parallel_displaced,gbq,3.6319,0.0000,3.5000,0.9700,-1.802057
parallel_displaced,gbq,3.6346,0.0000,3.5000,0.9800,-1.815229
parallel_displaced,gbq,3.6373,0.0000,3.5000,0.9900,-1.828343
parallel_displaced,gbq,3.6401,0.0000,3.5000,1.0000,-1.841393
parallel_displaced,gbq,3.6428,0.0000,3.5000,1.0100,-1.854378
parallel_displaced,gbq,3.6456,0.0000,3.5000,1.0200,-1.867293
parallel_displaced,gbq,3.6484,0.0000,3.5000,1.0300,-1.880135
parallel_displaced,gbq,3.6512,0.0000,3.5000,1.0400,-1.892901
parallel_displaced,gbq,3.6541,0.0000,3.5000,1.0500,-1.905587
parallel_displaced,gbq,3.6570,0.0000,3.5000,1.0600,-1.918190
parallel_displaced,gbq,3.6599,0.0000,3.5000,1.0700,-1.930707
parallel_displaced,gbq,3.6628,0.0000,3.5000,1.0800,-1.943135
parallel_displaced,gbq,3.6658,0.0000,3.5000,1.0900,-1.955470
parallel_displaced,gbq,3.6688,0.0000,3.5000,1.1000,-1.967710
parallel_displaced,gbq,3.6718,0.0000,3.5000,1.1100,-1.979852
parallel_displaced,gbq,3.6748,0.0000,3.5000,1.1200,-1.991893
parallel_displaced,gbq,3.6779,0.0000,3.5000,1.1300,-2.003830
parallel_displaced,gbq,3.6810,0.0000,3.5000,1.1400,-2.015660
parallel_displaced,gbq,3.6841,0.0000,3.5000,1.1500,-2.027381
parallel_displaced,gbq,3.6872,0.0000,3.5000,1.1600,-2.038990
parallel_displaced,gbq,3.6904,0.0000,3.5000,1.1700,-2.050484
parallel_displaced,gbq,3.6936,0.0000,3.5000,1.1800,-2.061861
parallel_displaced,gbq,3.6968,0.0000,3.5000,1.1900,-2.073119
parallel_displaced,gbq,3.7000,0.0000,3.5000,1.2000,-2.084255
parallel_displaced,gbq,3.7033,0.0000,3.5000,1.2100,-2.095266
parallel_displaced,gbq,3.7065,0.0000,3.5000,1.2200,-2.106151
parallel_displaced,gbq,3.7098,0.0000,3.5000,1.2300,-2.116907
parallel_displaced,gbq,3.7132,0.0000,3.5000,1.2400,-2.127532
parallel_displaced,gbq,3.7165,0.0000,3.5000,1.2500,-2.138025
parallel_displaced,gbq,3.7199,0.0000,3.5000,1.2600,-2.148382
parallel_displaced,gbq,3.7233,0.0000,3.5000,1.2700,-2.158603
parallel_displaced,gbq,3.7267,0.0000,3.5000,1.2800,-2.168685
parallel_displaced,gbq,3.7302,0.0000,3.5000,1.2900,-2.178627
parallel_displaced,gbq,3.7336,0.0000,3.5000,1.3000,-2.188427
parallel_displaced,gbq,3.7371,0.0000,3.5000,1.3100,-2.198083
parallel_displaced,gbq,3.7406,0.0000,3.5000,1.3200,-2.207593
parallel_displaced,gbq,3.7442,0.0000,3.5000,1.3300,-2.216956
parallel_displaced,gbq,3.7477,0.0000,3.5000,1.3400,-2.226171
parallel_displaced,gbq,3.7513,0.0000,3.5000,1.3500,-2.235236
parallel_displaced,gbq,3.7549,0.0000,3.5000,1.3600,-2.244150
parallel_displaced,gbq,3.7586,0.0000,3.5000,1.3700,-2.252911
parallel_displaced,gbq,3.7622,0.0000,3.5000,1.3800,-2.261518
parallel_displaced,gbq,3.7659,0.0000,3.5000,1.3900,-2.269971
parallel_displaced,gbq,3.7696,0.0000,3.5000,1.4000,-2.278267
parallel_displaced,gbq,3.7733,0.0000,3.5000,1.4100,-2.286407
parallel_displaced,gbq,3.7771,0.0000,3.5000,1.4200,-2.294388
parallel_displaced,gbq,3.7809,0.0000,3.5000,1.4300,-2.302210
parallel_displaced,gbq,3.7847,0.0000,3.5000,1.4400,-2.309873
parallel_displaced,gbq,3.7885,0.0000,3.5000,1.4500,-2.317374
parallel_displaced,gbq,3.7923,0.0000,3.5000,1.4600,-2.324715
parallel_displaced,gbq,3.7962,0.0000,3.5000,1.4700,-2.331893
parallel_displaced,gbq,3.8001,0.0000,3.5000,1.4800,-2.338909
parallel_displaced,gbq,3.8040,0.0000,3.5000,1.4900,-2.345761
parallel_displaced,gbq,3.8079,0.0000,3.5000,1.5000,-2.352449
parallel_displaced,gbq,3.8118,0.0000,3.5000,1.5100,-2.358973
parallel_displaced,gbq,3.8158,0.0000,3.5000,1.5200,-2.365332
parallel_displaced,gbq,3.8198,0.0000,3.5000,1.5300,-2.371526
parallel_displaced,gbq,3.8238,0.0000,3.5000,1.5400,-2.377555
parallel_displaced,gbq,3.8279,0.0000,3.5000,1.5500,-2.383418
parallel_displaced,gbq,3.8319,0.0000,3.5000,1.5600,-2.389116
parallel_displaced,gbq,3.8360,0.0000,3.5000,1.5700,-2.394647
parallel_displaced,gbq,3.8401,0.0000,3.5000,1.5800,-2.400012
parallel_displaced,gbq,3.8442,0.0000,3.5000,1.5900,-2.405211
parallel_displaced,gbq,3.8484,0.0000,3.5000,1.6000,-2.410244
parallel_displaced,gbq,3.8525,0.0000,3.5000,1.6100,-2.415110
parallel_displaced,gbq,3.8567,0.0000,3.5000,1.6200,-2.419811
parallel_displaced,gbq,3.8609,0.0000,3.5000,1.6300,-2.424345
parallel_displaced,gbq,3.8652,0.0000,3.5000,1.6400,-2.428714
parallel_displaced,gbq,3.8694,0.0000,3.5000,1.6500,-2.432917
parallel_displaced,gbq,3.8737,0.0000,3.5000,1.6600,-2.436955
parallel_displaced,gbq,3.8780,0.0000,3.5000,1.6700,-2.440828
parallel_displaced,gbq,3.8823,0.0000,3.5000,1.6800,-2.444537
parallel_displaced,gbq,3.8867,0.0000,3.5000,1.6900,-2.448081
parallel_displaced,gbq,3.8910,0.0000,3.5000,1.7000,-2.451462
parallel_displaced,gbq,3.8954,0.0000,3.5000,1.7100,-2.454679
parallel_displaced,gbq,3.8998,0.0000,3.5000,1.7200,-2.457733
parallel_displaced,gbq,3.9042,0.0000,3.5000,1.7300,-2.460625
parallel_displaced,gbq,3.9087,0.0000,3.5000,1.7400,-2.463356
parallel_displaced,gbq,3.9131,0.0000,3.5000,1.7500,-2.465925
parallel_displaced,gbq,3.9176,0.0000,3.5000,1.7600,-2.468334
parallel_displaced,gbq,3.9221,0.0000,3.5000,1.7700,-2.470583
parallel_displaced,gbq,3.9266,0.0000,3.5000,1.7800,-2.472673
parallel_displaced,gbq,3.9312,0.0000,3.5000,1.7900,-2.474605
parallel_displaced,gbq,3.9357,0.0000,3.5000,1.8000,-2.476380
parallel_displaced,gbq,3.9403,0.0000,3.5000,1.8100,-2.477998
parallel_displaced,gbq,3.9449,0.0000,3.5000,1.8200,-2.479460
parallel_displaced,gbq,3.9495,0.0000,3.5000,1.8300,-2.480767
parallel_displaced,gbq,3.9542,0.0000,3.5000,1.8400,-2.481920
parallel_displaced,gbq,3.9589,0.0000,3.5000,1.8500,-2.482920
parallel_displaced,gbq,3.9635,0.0000,3.5000,1.8600,-2.483768
parallel_displaced,gbq,3.9682,0.0000,3.5000,1.8700,-2.484465
parallel_displaced,gbq,3.9730,0.0000,3.5000,1.8800,-2.485011
parallel_displaced,gbq,3.9777,0.0000,3.5000,1.8900,-2.485409
parallel_displaced,gbq,3.9825,0.0000,3.5000,1.9000,-2.485658
parallel_displaced,gbq,3.9872,0.0000,3.5000,1.9100,-2.485761
parallel_displaced,gbq,3.9920,0.0000,3.5000,1.9200,-2.485718
parallel_displaced,gbq,3.9969,0.0000,3.5000,1.9300,-2.485530
parallel_displaced,gbq,4.0017,0.0000,3.5000,1.9400,-2.485198
parallel_displaced,gbq,4.0066,0.0000,3.5000,1.9500,-2.484724
parallel_displaced,gbq,4.0114,0.0000,3.5000,1.9600,-2.484109
parallel_displaced,gbq,4.0163,0.0000,3.5000,1.9700,-2.483353
parallel_displaced,gbq,4.0212,0.0000,3.5000,1.9800,-2.482459
parallel_displaced,gbq,4.0262,0.0000,3.5000,1.9900,-2.481427
parallel_displaced,gbq,4.0311,0.0000,3.5000,2.0000,-2.480259
parallel_displaced,gbq,4.0361,0.0000,3.5000,2.0100,-2.478956
parallel_displaced,gbq,4.0411,0.0000,3.5000,2.0200,-2.477519
parallel_displaced,gbq,4.0461,0.0000,3.5000,2.0300,-2.475949
parallel_displaced,gbq,4.0511,0.0000,3.5000,2.0400,-2.474249
parallel_displaced,gbq,4.0562,0.0000,3.5000,2.0500,-2.472418
parallel_displaced,gbq,4.0612,0.0000,3.5000,2.0600,-2.470459
parallel_displaced,gbq,4.0663,0.0000,3.5000,2.0700,-2.468372
parallel_displaced,gbq,4.0714,0.0000,3.5000,2.0800,-2.466160
parallel_displaced,gbq,4.0765,0.0000,3.5000,2.0900,-2.463823
parallel_displaced,gbq,4.0817,0.0000,3.5000,2.1000,-2.461363
parallel_displaced,gbq,4.0868,0.0000,3.5000,2.1100,-2.458782
parallel_displaced,gbq,4.0920,0.0000,3.5000,2.1200,-2.456080
parallel_displaced,gbq,4.0972,0.0000,3.5000,2.1300,-2.453259
parallel_displaced,gbq,4.1024,0.0000,3.5000,2.1400,-2.450320
parallel_displaced,gbq,4.1076,0.0000,3.5000,2.1500,-2.447266
parallel_displaced,gbq,4.1129,0.0000,3.5000,2.1600,-2.444096
parallel_displaced,gbq,4.1181,0.0000,3.5000,2.1700,-2.440813
parallel_displaced,gbq,4.1234,0.0000,3.5000,2.1800,-2.437419
parallel_displaced,gbq,4.1287,0.0000,3.5000,2.1900,-2.433913
parallel_displaced,gbq,4.1340,0.0000,3.5000,2.2000,-2.430299
parallel_displaced,gbq,4.1393,0.0000,3.5000,2.2100,-2.426577
parallel_displaced,gbq,4.1447,0.0000,3.5000,2.2200,-2.422749
parallel_displaced,gbq,4.1500,0.0000,3.5000,2.2300,-2.418817
parallel_displaced,gbq,4.1554,0.0000,3.5000,2.2400,-2.414781
parallel_displaced,gbq,4.1608,0.0000,3.5000,2.2500,-2.410643
parallel_displaced,gbq,4.1662,0.0000,3.5000,2.2600,-2.406404
parallel_displaced,gbq,4.1717,0.0000,3.5000,2.2700,-2.402067
parallel_displaced,gbq,4.1771,0.0000,3.5000,2.2800,-2.397632
parallel_displaced,gbq,4.1826,0.0000,3.5000,2.2900,-2.393101
parallel_displaced,gbq,4.1881,0.0000,3.5000,2.3000,-2.388476
parallel_displaced,gbq,4.1936,0.0000,3.5000,2.3100,-2.383757
parallel_displaced,gbq,4.1991,0.0000,3.5000,2.3200,-2.378947
parallel_displaced,gbq,4.2046,0.0000,3.5000,2.3300,-2.374046
parallel_displaced,gbq,4.2102,0.0000,3.5000,2.3400,-2.369056
parallel_displaced,gbq,4.2157,0.0000,3.5000,2.3500,-2.363979
parallel_displaced,gbq,4.2213,0.0000,3.5000,2.3600,-2.358815
parallel_displaced,gbq,4.2269,0.0000,3.5000,2.3700,-2.353567
parallel_displaced,gbq,4.2325,0.0000,3.5000,2.3800,-2.348236
parallel_displaced,gbq,4.2382,0.0000,3.5000,2.3900,-2.342823
parallel_displaced,gbq,4.2438,0.0000,3.5000,2.4000,-2.337330
parallel_displaced,gbq,4.2495,0.0000,3.5000,2.4100,-2.331757
parallel_displaced,gbq,4.2552,0.0000,3.5000,2.4200,-2.326107
parallel_displaced,gbq,4.2609,0.0000,3.5000,2.4300,-2.320381
parallel_displaced,gbq,4.2666,0.0000,3.5000,2.4400,-2.314580
parallel_displaced,gbq,4.2723,0.0000,3.5000,2.4500,-2.308706
parallel_displaced,gbq,4.2780,0.0000,3.5000,2.4600,-2.302759
parallel_displaced,gbq,4.2838,0.0000,3.5000,2.4700,-2.296742
parallel_displaced,gbq,4.2896,0.0000,3.5000,2.4800,-2.290655
parallel_displaced,gbq,4.2954,0.0000,3.5000,2.4900,-2.284501
parallel_displaced,gbq,4.3012,0.0000,3.5000,2.5000,-2.278280
parallel_displaced,gbq,4.3070,0.0000,3.5000,2.5100,-2.271993
parallel_displaced,gbq,4.3128,0.0000,3.5000,2.5200,-2.265643
parallel_displaced,gbq,4.3187,0.0000,3.5000,2.5300,-2.259229
parallel_displaced,gbq,4.3245,0.0000,3.5000,2.5400,-2.252755
parallel_displaced,gbq,4.3304,0.0000,3.5000,2.5500,-2.246220
parallel_displaced,gbq,4.3363,0.0000,3.5000,2.5600,-2.239627
parallel_displaced,gbq,4.3422,0.0000,3.5000,2.5700,-2.232976
parallel_displaced,gbq,4.3481,0.0000,3.5000,2.5800,-2.226269
parallel_displaced,gbq,4.3541,0.0000,3.5000,2.5900,-2.219507
parallel_displaced,gbq,4.3600,0.0000,3.5000,2.6000,-2.212692
parallel_displaced,gbq,4.3660,0.0000,3.5000,2.6100,-2.205824
parallel_displaced,gbq,4.3720,0.0000,3.5000,2.6200,-2.198905
parallel_displaced,gbq,4.3780,0.0000,3.5000,2.6300,-2.191935
parallel_displaced,gbq,4.3840,0.0000,3.5000,2.6400,-2.184918
parallel_displaced,gbq,4.3900,0.0000,3.5000,2.6500,-2.177852
parallel_displaced,gbq,4.3961,0.0000,3.5000,2.6600,-2.170741
parallel_displaced,gbq,4.4021,0.0000,3.5000,2.6700,-2.163584
parallel_displaced,gbq,4.4082,0.0000,3.5000,2.6800,-2.156383
parallel_displaced,gbq,4.4143,0.0000,3.5000,2.6900,-2.149140
parallel_displaced,gbq,4.4204,0.0000,3.5000,2.7000,-2.141855
parallel_displaced,gbq,4.4265,0.0000,3.5000,2.7100,-2.134529
parallel_displaced,gbq,4.4327,0.0000,3.5000,2.7200,-2.127164
parallel_displaced,gbq,4.4388,0.0000,3.5000,2.7300,-2.119761
parallel_displaced,gbq,4.4450,0.0000,3.5000,2.7400,-2.112321
parallel_displaced,gbq,4.4511,0.0000,3.5000,2.7500,-2.104845
parallel_displaced,gbq,4.4573,0.0000,3.5000,2.7600,-2.097334
parallel_displaced,gbq,4.4635,0.0000,3.5000,2.7700,-2.089789
parallel_displaced,gbq,4.4697,0.0000,3.5000,2.7800,-2.082212
parallel_displaced,gbq,4.4759,0.0000,3.5000,2.7900,-2.074603
parallel_displaced,gbq,4.4822,0.0000,3.5000,2.8000,-2.066963
parallel_displaced,gbq,4.4884,0.0000,3.5000,2.8100,-2.059294
parallel_displaced,gbq,4.4947,0.0000,3.5000,2.8200,-2.051596
parallel_displaced,gbq,4.5010,0.0000,3.5000,2.8300,-2.043870
parallel_displaced,gbq,4.5073,0.0000,3.5000,2.8400,-2.036118
parallel_displaced,gbq,4.5136,0.0000,3.5000,2.8500,-2.028341
parallel_displaced,gbq,4.5199,0.0000,3.5000,2.8600,-2.020539
parallel_displaced,gbq,4.5262,0.0000,3.5000,2.8700,-2.012713
parallel_displaced,gbq,4.5326,0.0000,3.5000,2.8800,-2.004865
parallel_displaced,gbq,4.5390,0.0000,3.5000,2.8900,-1.996995
parallel_displaced,gbq,4.5453,0.0000,3.5000,2.9000,-1.989105
parallel_displaced,gbq,4.5517,0.0000,3.5000,2.9100,-1.981194
parallel_displaced,gbq,4.5581,0.0000,3.5000,2.9200,-1.973265
parallel_displaced,gbq,4.5645,0.0000,3.5000,2.9300,-1.965318
parallel_displaced,gbq,4.5710,0.0000,3.5000,2.9400,-1.957354
parallel_displaced,gbq,4.5774,0.0000,3.5000,2.9500,-1.949373
parallel_displaced,gbq,4.5838,0.0000,3.5000,2.9600,-1.941378
parallel_displaced,gbq,4.5903,0.0000,3.5000,2.9700,-1.933367
parallel_displaced,gbq,4.5968,0.0000,3.5000,2.9800,-1.925344
parallel_displaced,gbq,4.6033,0.0000,3.5000,2.9900,-1.917307
parallel_displaced,gbq,4.6098,0.0000,3.5000,3.0000,-1.909259
t_shaped,uma,4.0000,0.0000,0.0000,4.0000,15.943624
t_shaped,uma,4.0500,0.0000,0.0000,4.0500,12.937533
t_shaped,uma,4.1000,0.0000,0.0000,4.1000,10.329053
t_shaped,uma,4.1500,0.0000,0.0000,4.1500,8.073509
t_shaped,uma,4.2000,0.0000,0.0000,4.2000,6.132499
t_shaped,uma,4.2500,0.0000,0.0000,4.2500,4.472027
t_shaped,uma,4.3000,0.0000,0.0000,4.3000,3.060919
t_shaped,uma,4.3500,0.0000,0.0000,4.3500,1.869921
t_shaped,uma,4.4000,0.0000,0.0000,4.4000,0.871825
t_shaped,uma,4.4500,0.0000,0.0000,4.4500,0.041851
t_shaped,uma,4.5000,0.0000,0.0000,4.5000,-0.642374
t_shaped,uma,4.5500,0.0000,0.0000,4.5500,-1.200612
t_shaped,uma,4.6000,0.0000,0.0000,4.6000,-1.650070
t_shaped,uma,4.6500,0.0000,0.0000,4.6500,-2.005602
t_shaped,uma,4.7000,0.0000,0.0000,4.7000,-2.280247
t_shaped,uma,4.7500,0.0000,0.0000,4.7500,-2.485943
t_shaped,uma,4.8000,0.0000,0.0000,4.8000,-2.633269
t_shaped,uma,4.8500,0.0000,0.0000,4.8500,-2.731421
t_shaped,uma,4.9000,0.0000,0.0000,4.9000,-2.788479
t_shaped,uma,4.9500,0.0000,0.0000,4.9500,-2.811552
t_shaped,uma,5.0000,0.0000,0.0000,5.0000,-2.806736
t_shaped,uma,5.0500,0.0000,0.0000,5.0500,-2.779408
t_shaped,uma,5.1000,0.0000,0.0000,5.1000,-2.734318
t_shaped,uma,5.1500,0.0000,0.0000,5.1500,-2.675371
t_shaped,uma,5.2000,0.0000,0.0000,5.2000,-2.605892
t_shaped,uma,5.2500,0.0000,0.0000,5.2500,-2.528817
t_shaped,uma,5.3000,0.0000,0.0000,5.3000,-2.446431
t_shaped,uma,5.3500,0.0000,0.0000,5.3500,-2.360565
t_shaped,uma,5.4000,0.0000,0.0000,5.4000,-2.272742
t_shaped,uma,5.4500,0.0000,0.0000,5.4500,-2.184196
t_shaped,uma,5.5000,0.0000,0.0000,5.5000,-2.095902
t_shaped,uma,5.5500,0.0000,0.0000,5.5500,-2.008607
t_shaped,uma,5.6000,0.0000,0.0000,5.6000,-1.922865
t_shaped,uma,5.6500,0.0000,0.0000,5.6500,-1.839055
t_shaped,uma,5.7000,0.0000,0.0000,5.7000,-1.757508
t_shaped,uma,5.7500,0.0000,0.0000,5.7500,-1.678583
t_shaped,uma,5.8000,0.0000,0.0000,5.8000,-1.602539
t_shaped,uma,5.8500,0.0000,0.0000,5.8500,-1.529591
t_shaped,uma,5.9000,0.0000,0.0000,5.9000,-1.459873
t_shaped,uma,5.9500,0.0000,0.0000,5.9500,-1.393429
t_shaped,uma,6.0000,0.0000,0.0000,6.0000,-1.330044
t_shaped,uma,6.0500,0.0000,0.0000,6.0500,-1.269285
t_shaped,uma,6.1000,0.0000,0.0000,6.1000,-1.210816
t_shaped,uma,6.1500,0.0000,0.0000,6.1500,-1.154805
t_shaped,uma,6.2000,0.0000,0.0000,6.2000,-1.101493
t_shaped,uma,6.2500,0.0000,0.0000,6.2500,-1.050913
t_shaped,uma,6.3000,0.0000,0.0000,6.3000,-1.002517
t_shaped,uma,6.3500,0.0000,0.0000,6.3500,-0.955937
t_shaped,uma,6.4000,0.0000,0.0000,6.4000,-0.911221
t_shaped,uma,6.4500,0.0000,0.0000,6.4500,-0.868815
t_shaped,uma,6.5000,0.0000,0.0000,6.5000,-0.829000
t_shaped,uma,6.5500,0.0000,0.0000,6.5500,-0.791443
t_shaped,uma,6.6000,0.0000,0.0000,6.6000,-0.755709
t_shaped,uma,6.6500,0.0000,0.0000,6.6500,-0.721074
t_shaped,uma,6.7000,0.0000,0.0000,6.7000,-0.686524
t_shaped,uma,6.7500,0.0000,0.0000,6.7500,-0.651608
t_shaped,uma,6.8000,0.0000,0.0000,6.8000,-0.617704
t_shaped,uma,6.8500,0.0000,0.0000,6.8500,-0.586673
t_shaped,uma,6.9000,0.0000,0.0000,6.9000,-0.559301
t_shaped,uma,6.9500,0.0000,0.0000,6.9500,-0.534571
t_shaped,uma,7.0000,0.0000,0.0000,7.0000,-0.509602
t_shaped,uma,7.0500,0.0000,0.0000,7.0500,-0.483821
t_shaped,uma,7.1000,0.0000,0.0000,7.1000,-0.459382
t_shaped,uma,7.1500,0.0000,0.0000,7.1500,-0.438976
t_shaped,uma,7.2000,0.0000,0.0000,7.2000,-0.423557
t_shaped,uma,7.2500,0.0000,0.0000,7.2500,-0.410238
t_shaped,uma,7.3000,0.0000,0.0000,7.3000,-0.396930
t_shaped,uma,7.3500,0.0000,0.0000,7.3500,-0.383369
t_shaped,uma,7.4000,0.0000,0.0000,7.4000,-0.369374
t_shaped,uma,7.4500,0.0000,0.0000,7.4500,-0.354815
t_shaped,uma,7.5000,0.0000,0.0000,7.5000,-0.339709
t_shaped,uma,7.5500,0.0000,0.0000,7.5500,-0.324218
t_shaped,uma,7.6000,0.0000,0.0000,7.6000,-0.308708
t_shaped,uma,7.6500,0.0000,0.0000,7.6500,-0.293657
t_shaped,uma,7.7000,0.0000,0.0000,7.7000,-0.279161
t_shaped,uma,7.7500,0.0000,0.0000,7.7500,-0.265298
t_shaped,uma,7.8000,0.0000,0.0000,7.8000,-0.252339
t_shaped,uma,7.8500,0.0000,0.0000,7.8500,-0.240876
t_shaped,uma,7.9000,0.0000,0.0000,7.9000,-0.232738
t_shaped,uma,7.9500,0.0000,0.0000,7.9500,-0.230234
t_shaped,uma,8.0000,0.0000,0.0000,8.0000,-0.229486
t_shaped,uma,8.0500,0.0000,0.0000,8.0500,-0.213946
t_shaped,uma,8.1000,0.0000,0.0000,8.1000,-0.180611
t_shaped,uma,8.1500,0.0000,0.0000,8.1500,-0.133564
t_shaped,uma,8.2000,0.0000,0.0000,8.2000,-0.066001
t_shaped,uma,8.2500,0.0000,0.0000,8.2500,-0.015373
t_shaped,uma,8.3000,0.0000,0.0000,8.3000,0.000074
t_shaped,uma,8.3500,0.0000,0.0000,8.3500,-0.000000
t_shaped,uma,8.4000,0.0000,0.0000,8.4000,0.000003
t_shaped,uma,8.4500,0.0000,0.0000,8.4500,-0.000000
t_shaped,uma,8.5000,0.0000,0.0000,8.5000,-0.000000
t_shaped,uma,8.5500,0.0000,0.0000,8.5500,-0.000000
t_shaped,uma,8.6000,0.0000,0.0000,8.6000,-0.000000
t_shaped,uma,8.6500,0.0000,0.0000,8.6500,-0.000000
t_shaped,uma,8.7000,0.0000,0.0000,8.7000,-0.000000
t_shaped,uma,8.7500,0.0000,0.0000,8.7500,0.000003
t_shaped,uma,8.8000,0.0000,0.0000,8.8000,-0.000008
t_shaped,uma,8.8500,0.0000,0.0000,8.8500,-0.000003
t_shaped,uma,8.9000,0.0000,0.0000,8.9000,-0.000003
t_shaped,uma,8.9500,0.0000,0.0000,8.9500,-0.000000
t_shaped,uma,9.0000,0.0000,0.0000,9.0000,-0.000003
t_shaped,uma,9.0500,0.0000,0.0000,9.0500,-0.000000
t_shaped,uma,9.1000,0.0000,0.0000,9.1000,-0.000000
t_shaped,uma,9.1500,0.0000,0.0000,9.1500,-0.000000
t_shaped,uma,9.2000,0.0000,0.0000,9.2000,-0.000000
t_shaped,uma,9.2500,0.0000,0.0000,9.2500,-0.000000
t_shaped,uma,9.3000,0.0000,0.0000,9.3000,-0.000000
t_shaped,uma,9.3500,0.0000,0.0000,9.3500,-0.000000
t_shaped,uma,9.4000,0.0000,0.0000,9.4000,-0.000000
t_shaped,uma,9.4500,0.0000,0.0000,9.4500,-0.000000
t_shaped,uma,9.5000,0.0000,0.0000,9.5000,0.000003
t_shaped,uma,9.5500,0.0000,0.0000,9.5500,-0.000000
t_shaped,uma,9.6000,0.0000,0.0000,9.6000,-0.000000
t_shaped,uma,9.6500,0.0000,0.0000,9.6500,-0.000000
t_shaped,uma,9.7000,0.0000,0.0000,9.7000,0.000003
t_shaped,uma,9.7500,0.0000,0.0000,9.7500,-0.000000
t_shaped,uma,9.8000,0.0000,0.0000,9.8000,-0.000000
t_shaped,uma,9.8500,0.0000,0.0000,9.8500,-0.000000
t_shaped,uma,9.9000,0.0000,0.0000,9.9000,-0.000003
t_shaped,uma,9.9500,0.0000,0.0000,9.9500,-0.000003
t_shaped,uma,10.0000,0.0000,0.0000,10.0000,-0.000000
t_shaped,gbq,4.0000,0.0000,0.0000,4.0000,26.205156
t_shaped,gbq,4.0100,0.0000,0.0000,4.0100,25.040614
t_shaped,gbq,4.0200,0.0000,0.0000,4.0200,23.922462
t_shaped,gbq,4.0300,0.0000,0.0000,4.0300,22.848833
t_shaped,gbq,4.0400,0.0000,0.0000,4.0400,21.817935
t_shaped,gbq,4.0500,0.0000,0.0000,4.0500,20.828055
t_shaped,gbq,4.0600,0.0000,0.0000,4.0600,19.877548
t_shaped,gbq,4.0700,0.0000,0.0000,4.0700,18.964842
t_shaped,gbq,4.0800,0.0000,0.0000,4.0800,18.088425
t_shaped,gbq,4.0900,0.0000,0.0000,4.0900,17.246852
t_shaped,gbq,4.1000,0.0000,0.0000,4.1000,16.438735
t_shaped,gbq,4.1100,0.0000,0.0000,4.1100,15.662747
t_shaped,gbq,4.1200,0.0000,0.0000,4.1200,14.917611
t_shaped,gbq,4.1300,0.0000,0.0000,4.1300,14.202106
t_shaped,gbq,4.1400,0.0000,0.0000,4.1400,13.515059
t_shaped,gbq,4.1500,0.0000,0.0000,4.1500,12.855348
t_shaped,gbq,4.1600,0.0000,0.0000,4.1600,12.221894
t_shaped,gbq,4.1700,0.0000,0.0000,4.1700,11.613662
t_shaped,gbq,4.1800,0.0000,0.0000,4.1800,11.029662
t_shaped,gbq,4.1900,0.0000,0.0000,4.1900,10.468941
t_shaped,gbq,4.2000,0.0000,0.0000,4.2000,9.930586
t_shaped,gbq,4.2100,0.0000,0.0000,4.2100,9.413722
t_shaped,gbq,4.2200,0.0000,0.0000,4.2200,8.917508
t_shaped,gbq,4.2300,0.0000,0.0000,4.2300,8.441137
t_shaped,gbq,4.2400,0.0000,0.0000,4.2400,7.983835
t_shaped,gbq,4.2500,0.0000,0.0000,4.2500,7.544858
t_shaped,gbq,4.2600,0.0000,0.0000,4.2600,7.123494
t_shaped,gbq,4.2700,0.0000,0.0000,4.2700,6.719057
t_shaped,gbq,4.2800,0.0000,0.0000,4.2800,6.330890
t_shaped,gbq,4.2900,0.0000,0.0000,4.2900,5.958361
t_shaped,gbq,4.3000,0.0000,0.0000,4.3000,5.600865
t_shaped,gbq,4.3100,0.0000,0.0000,4.3100,5.257819
t_shaped,gbq,4.3200,0.0000,0.0000,4.3200,4.928664
t_shaped,gbq,4.3300,0.0000,0.0000,4.3300,4.612863
t_shaped,gbq,4.3400,0.0000,0.0000,4.3400,4.309901
t_shaped,gbq,4.3500,0.0000,0.0000,4.3500,4.019282
t_shaped,gbq,4.3600,0.0000,0.0000,4.3600,3.740530
t_shaped,gbq,4.3700,0.0000,0.0000,4.3700,3.473189
t_shaped,gbq,4.3800,0.0000,0.0000,4.3800,3.216819
t_shaped,gbq,4.3900,0.0000,0.0000,4.3900,2.970997
t_shaped,gbq,4.4000,0.0000,0.0000,4.4000,2.735319
t_shaped,gbq,4.4100,0.0000,0.0000,4.4100,2.509394
t_shaped,gbq,4.4200,0.0000,0.0000,4.4200,2.292848
t_shaped,gbq,4.4300,0.0000,0.0000,4.4300,2.085322
t_shaped,gbq,4.4400,0.0000,0.0000,4.4400,1.886468
t_shaped,gbq,4.4500,0.0000,0.0000,4.4500,1.695956
t_shaped,gbq,4.4600,0.0000,0.0000,4.4600,1.513464
t_shaped,gbq,4.4700,0.0000,0.0000,4.4700,1.338686
t_shaped,gbq,4.4800,0.0000,0.0000,4.4800,1.171326
t_shaped,gbq,4.4900,0.0000,0.0000,4.4900,1.011100
t_shaped,gbq,4.5000,0.0000,0.0000,4.5000,0.857735
t_shaped,gbq,4.5100,0.0000,0.0000,4.5100,0.710969
t_shaped,gbq,4.5200,0.0000,0.0000,4.5200,0.570548
t_shaped,gbq,4.5300,0.0000,0.0000,4.5300,0.436231
t_shaped,gbq,4.5400,0.0000,0.0000,4.5400,0.307782
t_shaped,gbq,4.5500,0.0000,0.0000,4.5500,0.184979
t_shaped,gbq,4.5600,0.0000,0.0000,4.5600,0.067605
t_shaped,gbq,4.5700,0.0000,0.0000,4.5700,-0.044549
t_shaped,gbq,4.5800,0.0000,0.0000,4.5800,-0.151682
t_shaped,gbq,4.5900,0.0000,0.0000,4.5900,-0.253986
t_shaped,gbq,4.6000,0.0000,0.0000,4.6000,-0.351646
t_shaped,gbq,4.6100,0.0000,0.0000,4.6100,-0.444840
t_shaped,gbq,4.6200,0.0000,0.0000,4.6200,-0.533740
t_shaped,gbq,4.6300,0.0000,0.0000,4.6300,-0.618510
t_shaped,gbq,4.6400,0.0000,0.0000,4.6400,-0.699309
t_shaped,gbq,4.6500,0.0000,0.0000,4.6500,-0.776290
t_shaped,gbq,4.6600,0.0000,0.0000,4.6600,-0.849598
t_shaped,gbq,4.6700,0.0000,0.0000,4.6700,-0.919376
t_shaped,gbq,4.6800,0.0000,0.0000,4.6800,-0.985759
t_shaped,gbq,4.6900,0.0000,0.0000,4.6900,-1.048878
t_shaped,gbq,4.7000,0.0000,0.0000,4.7000,-1.108859
t_shaped,gbq,4.7100,0.0000,0.0000,4.7100,-1.165823
t_shaped,gbq,4.7200,0.0000,0.0000,4.7200,-1.219887
t_shaped,gbq,4.7300,0.0000,0.0000,4.7300,-1.271163
t_shaped,gbq,4.7400,0.0000,0.0000,4.7400,-1.319759
t_shaped,gbq,4.7500,0.0000,0.0000,4.7500,-1.365780
t_shaped,gbq,4.7600,0.0000,0.0000,4.7600,-1.409324
t_shaped,gbq,4.7700,0.0000,0.0000,4.7700,-1.450490
t_shaped,gbq,4.7800,0.0000,0.0000,4.7800,-1.489369
t_shaped,gbq,4.7900,0.0000,0.0000,4.7900,-1.526050
t_shaped,gbq,4.8000,0.0000,0.0000,4.8000,-1.560621
t_shaped,gbq,4.8100,0.0000,0.0000,4.8100,-1.593163
t_shaped,gbq,4.8200,0.0000,0.0000,4.8200,-1.623756
t_shaped,gbq,4.8300,0.0000,0.0000,4.8300,-1.652477
t_shaped,gbq,4.8400,0.0000,0.0000,4.8400,-1.679401
t_shaped,gbq,4.8500,0.0000,0.0000,4.8500,-1.704597
t_shaped,gbq,4.8600,0.0000,0.0000,4.8600,-1.728135
t_shaped,gbq,4.8700,0.0000,0.0000,4.8700,-1.750081
t_shaped,gbq,4.8800,0.0000,0.0000,4.8800,-1.770498
t_shaped,gbq,4.8900,0.0000,0.0000,4.8900,-1.789447
t_shaped,gbq,4.9000,0.0000,0.0000,4.9000,-1.806987
t_shaped,gbq,4.9100,0.0000,0.0000,4.9100,-1.823175
t_shaped,gbq,4.9200,0.0000,0.0000,4.9200,-1.838066
t_shaped,gbq,4.9300,0.0000,0.0000,4.9300,-1.851712
t_shaped,gbq,4.9400,0.0000,0.0000,4.9400,-1.864163
t_shaped,gbq,4.9500,0.0000,0.0000,4.9500,-1.875469
t_shaped,gbq,4.9600,0.0000,0.0000,4.9600,-1.885676
t_shaped,gbq,4.9700,0.0000,0.0000,4.9700,-1.894830
t_shaped,gbq,4.9800,0.0000,0.0000,4.9800,-1.902974
t_shaped,gbq,4.9900,0.0000,0.0000,4.9900,-1.910150
t_shaped,gbq,5.0000,0.0000,0.0000,5.0000,-1.916399
t_shaped,gbq,5.0100,0.0000,0.0000,5.0100,-1.921759
t_shaped,gbq,5.0200,0.0000,0.0000,5.0200,-1.926268
t_shaped,gbq,5.0300,0.0000,0.0000,5.0300,-1.929961
t_shaped,gbq,5.0400,0.0000,0.0000,5.0400,-1.932874
t_shaped,gbq,5.0500,0.0000,0.0000,5.0500,-1.935040
t_shaped,gbq,5.0600,0.0000,0.0000,5.0600,-1.936492
t_shaped,gbq,5.0700,0.0000,0.0000,5.0700,-1.937259
t_shaped,gbq,5.0800,0.0000,0.0000,5.0800,-1.937372
t_shaped,gbq,5.0900,0.0000,0.0000,5.0900,-1.936860
t_shaped,gbq,5.1000,0.0000,0.0000,5.1000,-1.935750
t_shaped,gbq,5.1100,0.0000,0.0000,5.1100,-1.934070
t_shaped,gbq,5.1200,0.0000,0.0000,5.1200,-1.931844
t_shaped,gbq,5.1300,0.0000,0.0000,5.1300,-1.929097
t_shaped,gbq,5.1400,0.0000,0.0000,5.1400,-1.925853
t_shaped,gbq,5.1500,0.0000,0.0000,5.1500,-1.922135
t_shaped,gbq,5.1600,0.0000,0.0000,5.1600,-1.917966
t_shaped,gbq,5.1700,0.0000,0.0000,5.1700,-1.913365
t_shaped,gbq,5.1800,0.0000,0.0000,5.1800,-1.908354
t_shaped,gbq,5.1900,0.0000,0.0000,5.1900,-1.902952
t_shaped,gbq,5.2000,0.0000,0.0000,5.2000,-1.897178
t_shaped,gbq,5.2100,0.0000,0.0000,5.2100,-1.891051
t_shaped,gbq,5.2200,0.0000,0.0000,5.2200,-1.884587
t_shaped,gbq,5.2300,0.0000,0.0000,5.2300,-1.877804
t_shaped,gbq,5.2400,0.0000,0.0000,5.2400,-1.870718
t_shaped,gbq,5.2500,0.0000,0.0000,5.2500,-1.863344
t_shaped,gbq,5.2600,0.0000,0.0000,5.2600,-1.855698
t_shaped,gbq,5.2700,0.0000,0.0000,5.2700,-1.847793
t_shaped,gbq,5.2800,0.0000,0.0000,5.2800,-1.839645
t_shaped,gbq,5.2900,0.0000,0.0000,5.2900,-1.831265
t_shaped,gbq,5.3000,0.0000,0.0000,5.3000,-1.822668
t_shaped,gbq,5.3100,0.0000,0.0000,5.3100,-1.813865
t_shaped,gbq,5.3200,0.0000,0.0000,5.3200,-1.804868
t_shaped,gbq,5.3300,0.0000,0.0000,5.3300,-1.795689
t_shaped,gbq,5.3400,0.0000,0.0000,5.3400,-1.786338
t_shaped,gbq,5.3500,0.0000,0.0000,5.3500,-1.776827
t_shaped,gbq,5.3600,0.0000,0.0000,5.3600,-1.767164
t_shaped,gbq,5.3700,0.0000,0.0000,5.3700,-1.757361
t_shaped,gbq,5.3800,0.0000,0.0000,5.3800,-1.747427
t_shaped,gbq,5.3900,0.0000,0.0000,5.3900,-1.737370
t_shaped,gbq,5.4000,0.0000,0.0000,5.4000,-1.727199
t_shaped,gbq,5.4100,0.0000,0.0000,5.4100,-1.716923
t_shaped,gbq,5.4200,0.0000,0.0000,5.4200,-1.706549
t_shaped,gbq,5.4300,0.0000,0.0000,5.4300,-1.696085
t_shaped,gbq,5.4400,0.0000,0.0000,5.4400,-1.685539
t_shaped,gbq,5.4500,0.0000,0.0000,5.4500,-1.674917
t_shaped,gbq,5.4600,0.0000,0.0000,5.4600,-1.664227
t_shaped,gbq,5.4700,0.0000,0.0000,5.4700,-1.653474
t_shaped,gbq,5.4800,0.0000,0.0000,5.4800,-1.642666
t_shaped,gbq,5.4900,0.0000,0.0000,5.4900,-1.631807
t_shaped,gbq,5.5000,0.0000,0.0000,5.5000,-1.620905
t_shaped,gbq,5.5100,0.0000,0.0000,5.5100,-1.609964
t_shaped,gbq,5.5200,0.0000,0.0000,5.5200,-1.598990
t_shaped,gbq,5.5300,0.0000,0.0000,5.5300,-1.587987
t_shaped,gbq,5.5400,0.0000,0.0000,5.5400,-1.576961
t_shaped,gbq,5.5500,0.0000,0.0000,5.5500,-1.565916
t_shaped,gbq,5.5600,0.0000,0.0000,5.5600,-1.554857
t_shaped,gbq,5.5700,0.0000,0.0000,5.5700,-1.543789
t_shaped,gbq,5.5800,0.0000,0.0000,5.5800,-1.532714
t_shaped,gbq,5.5900,0.0000,0.0000,5.5900,-1.521637
t_shaped,gbq,5.6000,0.0000,0.0000,5.6000,-1.510562
t_shaped,gbq,5.6100,0.0000,0.0000,5.6100,-1.499492
t_shaped,gbq,5.6200,0.0000,0.0000,5.6200,-1.488431
t_shaped,gbq,5.6300,0.0000,0.0000,5.6300,-1.477382
t_shaped,gbq,5.6400,0.0000,0.0000,5.6400,-1.466348
t_shaped,gbq,5.6500,0.0000,0.0000,5.6500,-1.455332
t_shaped,gbq,5.6600,0.0000,0.0000,5.6600,-1.444337
t_shaped,gbq,5.6700,0.0000,0.0000,5.6700,-1.433366
t_shaped,gbq,5.6800,0.0000,0.0000,5.6800,-1.422421
t_shaped,gbq,5.6900,0.0000,0.0000,5.6900,-1.411505
t_shaped,gbq,5.7000,0.0000,0.0000,5.7000,-1.400620
t_shaped,gbq,5.7100,0.0000,0.0000,5.7100,-1.389769
t_shaped,gbq,5.7200,0.0000,0.0000,5.7200,-1.378952
t_shaped,gbq,5.7300,0.0000,0.0000,5.7300,-1.368174
t_shaped,gbq,5.7400,0.0000,0.0000,5.7400,-1.357435
t_shaped,gbq,5.7500,0.0000,0.0000,5.7500,-1.346737
t_shaped,gbq,5.7600,0.0000,0.0000,5.7600,-1.336082
t_shaped,gbq,5.7700,0.0000,0.0000,5.7700,-1.325472
t_shaped,gbq,5.7800,0.0000,0.0000,5.7800,-1.314908
t_shaped,gbq,5.7900,0.0000,0.0000,5.7900,-1.304391
t_shaped,gbq,5.8000,0.0000,0.0000,5.8000,-1.293924
t_shaped,gbq,5.8100,0.0000,0.0000,5.8100,-1.283507
t_shaped,gbq,5.8200,0.0000,0.0000,5.8200,-1.273142
t_shaped,gbq,5.8300,0.0000,0.0000,5.8300,-1.262830
t_shaped,gbq,5.8400,0.0000,0.0000,5.8400,-1.252571
t_shaped,gbq,5.8500,0.0000,0.0000,5.8500,-1.242368
t_shaped,gbq,5.8600,0.0000,0.0000,5.8600,-1.232221
t_shaped,gbq,5.8700,0.0000,0.0000,5.8700,-1.222130
t_shaped,gbq,5.8800,0.0000,0.0000,5.8800,-1.212098
t_shaped,gbq,5.8900,0.0000,0.0000,5.8900,-1.202123
t_shaped,gbq,5.9000,0.0000,0.0000,5.9000,-1.192209
t_shaped,gbq,5.9100,0.0000,0.0000,5.9100,-1.182354
t_shaped,gbq,5.9200,0.0000,0.0000,5.9200,-1.172559
t_shaped,gbq,5.9300,0.0000,0.0000,5.9300,-1.162826
t_shaped,gbq,5.9400,0.0000,0.0000,5.9400,-1.153155
t_shaped,gbq,5.9500,0.0000,0.0000,5.9500,-1.143546
t_shaped,gbq,5.9600,0.0000,0.0000,5.9600,-1.134000
t_shaped,gbq,5.9700,0.0000,0.0000,5.9700,-1.124517
t_shaped,gbq,5.9800,0.0000,0.0000,5.9800,-1.115098
t_shaped,gbq,5.9900,0.0000,0.0000,5.9900,-1.105742
t_shaped,gbq,6.0000,0.0000,0.0000,6.0000,-1.096451
t_shaped,gbq,6.0100,0.0000,0.0000,6.0100,-1.087224
t_shaped,gbq,6.0200,0.0000,0.0000,6.0200,-1.078062
t_shaped,gbq,6.0300,0.0000,0.0000,6.0300,-1.068965
t_shaped,gbq,6.0400,0.0000,0.0000,6.0400,-1.059933
t_shaped,gbq,6.0500,0.0000,0.0000,6.0500,-1.050966
t_shaped,gbq,6.0600,0.0000,0.0000,6.0600,-1.042065
t_shaped,gbq,6.0700,0.0000,0.0000,6.0700,-1.033229
t_shaped,gbq,6.0800,0.0000,0.0000,6.0800,-1.024458
t_shaped,gbq,6.0900,0.0000,0.0000,6.0900,-1.015754
t_shaped,gbq,6.1000,0.0000,0.0000,6.1000,-1.007114
t_shaped,gbq,6.1100,0.0000,0.0000,6.1100,-0.998541
t_shaped,gbq,6.1200,0.0000,0.0000,6.1200,-0.990032
t_shaped,gbq,6.1300,0.0000,0.0000,6.1300,-0.981590
t_shaped,gbq,6.1400,0.0000,0.0000,6.1400,-0.973213
t_shaped,gbq,6.1500,0.0000,0.0000,6.1500,-0.964901
t_shaped,gbq,6.1600,0.0000,0.0000,6.1600,-0.956654
t_shaped,gbq,6.1700,0.0000,0.0000,6.1700,-0.948473
t_shaped,gbq,6.1800,0.0000,0.0000,6.1800,-0.940356
t_shaped,gbq,6.1900,0.0000,0.0000,6.1900,-0.932305
t_shaped,gbq,6.2000,0.0000,0.0000,6.2000,-0.924318
t_shaped,gbq,6.2100,0.0000,0.0000,6.2100,-0.916395
t_shaped,gbq,6.2200,0.0000,0.0000,6.2200,-0.908537
t_shaped,gbq,6.2300,0.0000,0.0000,6.2300,-0.900743
t_shaped,gbq,6.2400,0.0000,0.0000,6.2400,-0.893012
t_shaped,gbq,6.2500,0.0000,0.0000,6.2500,-0.885345
t_shaped,gbq,6.2600,0.0000,0.0000,6.2600,-0.877742
t_shaped,gbq,6.2700,0.0000,0.0000,6.2700,-0.870201
t_shaped,gbq,6.2800,0.0000,0.0000,6.2800,-0.862724
t_shaped,gbq,6.2900,0.0000,0.0000,6.2900,-0.855309
t_shaped,gbq,6.3000,0.0000,0.0000,6.3000,-0.847956
t_shaped,gbq,6.3100,0.0000,0.0000,6.3100,-0.840665
t_shaped,gbq,6.3200,0.0000,0.0000,6.3200,-0.833436
t_shaped,gbq,6.3300,0.0000,0.0000,6.3300,-0.826268
t_shaped,gbq,6.3400,0.0000,0.0000,6.3400,-0.819161
t_shaped,gbq,6.3500,0.0000,0.0000,6.3500,-0.812115
t_shaped,gbq,6.3600,0.0000,0.0000,6.3600,-0.805129
t_shaped,gbq,6.3700,0.0000,0.0000,6.3700,-0.798203
t_shaped,gbq,6.3800,0.0000,0.0000,6.3800,-0.791337
t_shaped,gbq,6.3900,0.0000,0.0000,6.3900,-0.784530
t_shaped,gbq,6.4000,0.0000,0.0000,6.4000,-0.777782
t_shaped,gbq,6.4100,0.0000,0.0000,6.4100,-0.771092
t_shaped,gbq,6.4200,0.0000,0.0000,6.4200,-0.764461
t_shaped,gbq,6.4300,0.0000,0.0000,6.4300,-0.757888
t_shaped,gbq,6.4400,0.0000,0.0000,6.4400,-0.751372
t_shaped,gbq,6.4500,0.0000,0.0000,6.4500,-0.744914
t_shaped,gbq,6.4600,0.0000,0.0000,6.4600,-0.738512
t_shaped,gbq,6.4700,0.0000,0.0000,6.4700,-0.732166
t_shaped,gbq,6.4800,0.0000,0.0000,6.4800,-0.725877
t_shaped,gbq,6.4900,0.0000,0.0000,6.4900,-0.719643
t_shaped,gbq,6.5000,0.0000,0.0000,6.5000,-0.713464
t_shaped,gbq,6.5100,0.0000,0.0000,6.5100,-0.707340
t_shaped,gbq,6.5200,0.0000,0.0000,6.5200,-0.701270
t_shaped,gbq,6.5300,0.0000,0.0000,6.5300,-0.695255
t_shaped,gbq,6.5400,0.0000,0.0000,6.5400,-0.689293
t_shaped,gbq,6.5500,0.0000,0.0000,6.5500,-0.683384
t_shaped,gbq,6.5600,0.0000,0.0000,6.5600,-0.677529
t_shaped,gbq,6.5700,0.0000,0.0000,6.5700,-0.671725
t_shaped,gbq,6.5800,0.0000,0.0000,6.5800,-0.665974
t_shaped,gbq,6.5900,0.0000,0.0000,6.5900,-0.660274
t_shaped,gbq,6.6000,0.0000,0.0000,6.6000,-0.654626
t_shaped,gbq,6.6100,0.0000,0.0000,6.6100,-0.649028
t_shaped,gbq,6.6200,0.0000,0.0000,6.6200,-0.643481
t_shaped,gbq,6.6300,0.0000,0.0000,6.6300,-0.637984
t_shaped,gbq,6.6400,0.0000,0.0000,6.6400,-0.632537
t_shaped,gbq,6.6500,0.0000,0.0000,6.6500,-0.627139
t_shaped,gbq,6.6600,0.0000,0.0000,6.6600,-0.621789
t_shaped,gbq,6.6700,0.0000,0.0000,6.6700,-0.616488
t_shaped,gbq,6.6800,0.0000,0.0000,6.6800,-0.611236
t_shaped,gbq,6.6900,0.0000,0.0000,6.6900,-0.606031
t_shaped,gbq,6.7000,0.0000,0.0000,6.7000,-0.600873
t_shaped,gbq,6.7100,0.0000,0.0000,6.7100,-0.595762
t_shaped,gbq,6.7200,0.0000,0.0000,6.7200,-0.590697
t_shaped,gbq,6.7300,0.0000,0.0000,6.7300,-0.585679
t_shaped,gbq,6.7400,0.0000,0.0000,6.7400,-0.580706
t_shaped,gbq,6.7500,0.0000,0.0000,6.7500,-0.575779
t_shaped,gbq,6.7600,0.0000,0.0000,6.7600,-0.570897
t_shaped,gbq,6.7700,0.0000,0.0000,6.7700,-0.566059
t_shaped,gbq,6.7800,0.0000,0.0000,6.7800,-0.561265
t_shaped,gbq,6.7900,0.0000,0.0000,6.7900,-0.556515
t_shaped,gbq,6.8000,0.0000,0.0000,6.8000,-0.551809
t_shaped,gbq,6.8100,0.0000,0.0000,6.8100,-0.547145
t_shaped,gbq,6.8200,0.0000,0.0000,6.8200,-0.542524
t_shaped,gbq,6.8300,0.0000,0.0000,6.8300,-0.537946
t_shaped,gbq,6.8400,0.0000,0.0000,6.8400,-0.533409
t_shaped,gbq,6.8500,0.0000,0.0000,6.8500,-0.528914
t_shaped,gbq,6.8600,0.0000,0.0000,6.8600,-0.524460
t_shaped,gbq,6.8700,0.0000,0.0000,6.8700,-0.520047
t_shaped,gbq,6.8800,0.0000,0.0000,6.8800,-0.515674
t_shaped,gbq,6.8900,0.0000,0.0000,6.8900,-0.511342
t_shaped,gbq,6.9000,0.0000,0.0000,6.9000,-0.507049
t_shaped,gbq,6.9100,0.0000,0.0000,6.9100,-0.502795
t_shaped,gbq,6.9200,0.0000,0.0000,6.9200,-0.498581
t_shaped,gbq,6.9300,0.0000,0.0000,6.9300,-0.494405
t_shaped,gbq,6.9400,0.0000,0.0000,6.9400,-0.490267
t_shaped,gbq,6.9500,0.0000,0.0000,6.9500,-0.486168
t_shaped,gbq,6.9600,0.0000,0.0000,6.9600,-0.482105
t_shaped,gbq,6.9700,0.0000,0.0000,6.9700,-0.478081
t_shaped,gbq,6.9800,0.0000,0.0000,6.9800,-0.474093
t_shaped,gbq,6.9900,0.0000,0.0000,6.9900,-0.470141
t_shaped,gbq,7.0000,0.0000,0.0000,7.0000,-0.466226
t_shaped,gbq,7.0100,0.0000,0.0000,7.0100,-0.462347
t_shaped,gbq,7.0200,0.0000,0.0000,7.0200,-0.458503
t_shaped,gbq,7.0300,0.0000,0.0000,7.0300,-0.454695
t_shaped,gbq,7.0400,0.0000,0.0000,7.0400,-0.450922
t_shaped,gbq,7.0500,0.0000,0.0000,7.0500,-0.447183
t_shaped,gbq,7.0600,0.0000,0.0000,7.0600,-0.443478
t_shaped,gbq,7.0700,0.0000,0.0000,7.0700,-0.439807
t_shaped,gbq,7.0800,0.0000,0.0000,7.0800,-0.436170
t_shaped,gbq,7.0900,0.0000,0.0000,7.0900,-0.432567
t_shaped,gbq,7.1000,0.0000,0.0000,7.1000,-0.428996
t_shaped,gbq,7.1100,0.0000,0.0000,7.1100,-0.425458
t_shaped,gbq,7.1200,0.0000,0.0000,7.1200,-0.421952
t_shaped,gbq,7.1300,0.0000,0.0000,7.1300,-0.418479
t_shaped,gbq,7.1400,0.0000,0.0000,7.1400,-0.415037
t_shaped,gbq,7.1500,0.0000,0.0000,7.1500,-0.411626
t_shaped,gbq,7.1600,0.0000,0.0000,7.1600,-0.408247
t_shaped,gbq,7.1700,0.0000,0.0000,7.1700,-0.404899
t_shaped,gbq,7.1800,0.0000,0.0000,7.1800,-0.401581
t_shaped,gbq,7.1900,0.0000,0.0000,7.1900,-0.398294
t_shaped,gbq,7.2000,0.0000,0.0000,7.2000,-0.395036
t_shaped,gbq,7.2100,0.0000,0.0000,7.2100,-0.391809
t_shaped,gbq,7.2200,0.0000,0.0000,7.2200,-0.388611
t_shaped,gbq,7.2300,0.0000,0.0000,7.2300,-0.385442
t_shaped,gbq,7.2400,0.0000,0.0000,7.2400,-0.382301
t_shaped,gbq,7.2500,0.0000,0.0000,7.2500,-0.379190
t_shaped,gbq,7.2600,0.0000,0.0000,7.2600,-0.376107
t_shaped,gbq,7.2700,0.0000,0.0000,7.2700,-0.373052
t_shaped,gbq,7.2800,0.0000,0.0000,7.2800,-0.370024
t_shaped,gbq,7.2900,0.0000,0.0000,7.2900,-0.367024
t_shaped,gbq,7.3000,0.0000,0.0000,7.3000,-0.364052
t_shaped,gbq,7.3100,0.0000,0.0000,7.3100,-0.361106
t_shaped,gbq,7.3200,0.0000,0.0000,7.3200,-0.358187
t_shaped,gbq,7.3300,0.0000,0.0000,7.3300,-0.355295
t_shaped,gbq,7.3400,0.0000,0.0000,7.3400,-0.352429
t_shaped,gbq,7.3500,0.0000,0.0000,7.3500,-0.349589
t_shaped,gbq,7.3600,0.0000,0.0000,7.3600,-0.346775
t_shaped,gbq,7.3700,0.0000,0.0000,7.3700,-0.343986
t_shaped,gbq,7.3800,0.0000,0.0000,7.3800,-0.341222
t_shaped,gbq,7.3900,0.0000,0.0000,7.3900,-0.338484
t_shaped,gbq,7.4000,0.0000,0.0000,7.4000,-0.335770
t_shaped,gbq,7.4100,0.0000,0.0000,7.4100,-0.333080
t_shaped,gbq,7.4200,0.0000,0.0000,7.4200,-0.330415
t_shaped,gbq,7.4300,0.0000,0.0000,7.4300,-0.327774
t_shaped,gbq,7.4400,0.0000,0.0000,7.4400,-0.325157
t_shaped,gbq,7.4500,0.0000,0.0000,7.4500,-0.322563
t_shaped,gbq,7.4600,0.0000,0.0000,7.4600,-0.319993
t_shaped,gbq,7.4700,0.0000,0.0000,7.4700,-0.317446
t_shaped,gbq,7.4800,0.0000,0.0000,7.4800,-0.314922
t_shaped,gbq,7.4900,0.0000,0.0000,7.4900,-0.312420
t_shaped,gbq,7.5000,0.0000,0.0000,7.5000,-0.309941
t_shaped,gbq,7.5100,0.0000,0.0000,7.5100,-0.307485
t_shaped,gbq,7.5200,0.0000,0.0000,7.5200,-0.305050
t_shaped,gbq,7.5300,0.0000,0.0000,7.5300,-0.302637
t_shaped,gbq,7.5400,0.0000,0.0000,7.5400,-0.300246
t_shaped,gbq,7.5500,0.0000,0.0000,7.5500,-0.297876
t_shaped,gbq,7.5600,0.0000,0.0000,7.5600,-0.295527
t_shaped,gbq,7.5700,0.0000,0.0000,7.5700,-0.293199
t_shaped,gbq,7.5800,0.0000,0.0000,7.5800,-0.290892
t_shaped,gbq,7.5900,0.0000,0.0000,7.5900,-0.288606
t_shaped,gbq,7.6000,0.0000,0.0000,7.6000,-0.286340
t_shaped,gbq,7.6100,0.0000,0.0000,7.6100,-0.284095
t_shaped,gbq,7.6200,0.0000,0.0000,7.6200,-0.281869
t_shaped,gbq,7.6300,0.0000,0.0000,7.6300,-0.279663
t_shaped,gbq,7.6400,0.0000,0.0000,7.6400,-0.277477
t_shaped,gbq,7.6500,0.0000,0.0000,7.6500,-0.275310
t_shaped,gbq,7.6600,0.0000,0.0000,7.6600,-0.273162
t_shaped,gbq,7.6700,0.0000,0.0000,7.6700,-0.271034
t_shaped,gbq,7.6800,0.0000,0.0000,7.6800,-0.268924
t_shaped,gbq,7.6900,0.0000,0.0000,7.6900,-0.266833
t_shaped,gbq,7.7000,0.0000,0.0000,7.7000,-0.264761
t_shaped,gbq,7.7100,0.0000,0.0000,7.7100,-0.262706
t_shaped,gbq,7.7200,0.0000,0.0000,7.7200,-0.260670
t_shaped,gbq,7.7300,0.0000,0.0000,7.7300,-0.258652
t_shaped,gbq,7.7400,0.0000,0.0000,7.7400,-0.256652
t_shaped,gbq,7.7500,0.0000,0.0000,7.7500,-0.254670
t_shaped,gbq,7.7600,0.0000,0.0000,7.7600,-0.252705
t_shaped,gbq,7.7700,0.0000,0.0000,7.7700,-0.250757
t_shaped,gbq,7.7800,0.0000,0.0000,7.7800,-0.248826
t_shaped,gbq,7.7900,0.0000,0.0000,7.7900,-0.246912
t_shaped,gbq,7.8000,0.0000,0.0000,7.8000,-0.245015
t_shaped,gbq,7.8100,0.0000,0.0000,7.8100,-0.243135
t_shaped,gbq,7.8200,0.0000,0.0000,7.8200,-0.241271
t_shaped,gbq,7.8300,0.0000,0.0000,7.8300,-0.239424
t_shaped,gbq,7.8400,0.0000,0.0000,7.8400,-0.237593
t_shaped,gbq,7.8500,0.0000,0.0000,7.8500,-0.235777
t_shaped,gbq,7.8600,0.0000,0.0000,7.8600,-0.233978
t_shaped,gbq,7.8700,0.0000,0.0000,7.8700,-0.232194
t_shaped,gbq,7.8800,0.0000,0.0000,7.8800,-0.230426
t_shaped,gbq,7.8900,0.0000,0.0000,7.8900,-0.228673
t_shaped,gbq,7.9000,0.0000,0.0000,7.9000,-0.226936
t_shaped,gbq,7.9100,0.0000,0.0000,7.9100,-0.225213
t_shaped,gbq,7.9200,0.0000,0.0000,7.9200,-0.223506
t_shaped,gbq,7.9300,0.0000,0.0000,7.9300,-0.221813
t_shaped,gbq,7.9400,0.0000,0.0000,7.9400,-0.220136
t_shaped,gbq,7.9500,0.0000,0.0000,7.9500,-0.218472
t_shaped,gbq,7.9600,0.0000,0.0000,7.9600,-0.216823
t_shaped,gbq,7.9700,0.0000,0.0000,7.9700,-0.215189
t_shaped,gbq,7.9800,0.0000,0.0000,7.9800,-0.213568
t_shaped,gbq,7.9900,0.0000,0.0000,7.9900,-0.211961
t_shaped,gbq,8.0000,0.0000,0.0000,8.0000,-0.210369
t_shaped,gbq,8.0100,0.0000,0.0000,8.0100,-0.208790
t_shaped,gbq,8.0200,0.0000,0.0000,8.0200,-0.207224
t_shaped,gbq,8.0300,0.0000,0.0000,8.0300,-0.205672
t_shaped,gbq,8.0400,0.0000,0.0000,8.0400,-0.204134
t_shaped,gbq,8.0500,0.0000,0.0000,8.0500,-0.202609
t_shaped,gbq,8.0600,0.0000,0.0000,8.0600,-0.201096
t_shaped,gbq,8.0700,0.0000,0.0000,8.0700,-0.199597
t_shaped,gbq,8.0800,0.0000,0.0000,8.0800,-0.198110
t_shaped,gbq,8.0900,0.0000,0.0000,8.0900,-0.196637
t_shaped,gbq,8.1000,0.0000,0.0000,8.1000,-0.195176
t_shaped,gbq,8.1100,0.0000,0.0000,8.1100,-0.193727
t_shaped,gbq,8.1200,0.0000,0.0000,8.1200,-0.192291
t_shaped,gbq,8.1300,0.0000,0.0000,8.1300,-0.190867
t_shaped,gbq,8.1400,0.0000,0.0000,8.1400,-0.189455
t_shaped,gbq,8.1500,0.0000,0.0000,8.1500,-0.188055
t_shaped,gbq,8.1600,0.0000,0.0000,8.1600,-0.186667
t_shaped,gbq,8.1700,0.0000,0.0000,8.1700,-0.185291
t_shaped,gbq,8.1800,0.0000,0.0000,8.1800,-0.183926
t_shaped,gbq,8.1900,0.0000,0.0000,8.1900,-0.182573
t_shaped,gbq,8.2000,0.0000,0.0000,8.2000,-0.181231
t_shaped,gbq,8.2100,0.0000,0.0000,8.2100,-0.179901
t_shaped,gbq,8.2200,0.0000,0.0000,8.2200,-0.178582
t_shaped,gbq,8.2300,0.0000,0.0000,8.2300,-0.177275
t_shaped,gbq,8.2400,0.0000,0.0000,8.2400,-0.175978
t_shaped,gbq,8.2500,0.0000,0.0000,8.2500,-0.174692
t_shaped,gbq,8.2600,0.0000,0.0000,8.2600,-0.173417
t_shaped,gbq,8.2700,0.0000,0.0000,8.2700,-0.172153
t_shaped,gbq,8.2800,0.0000,0.0000,8.2800,-0.170899
t_shaped,gbq,8.2900,0.0000,0.0000,8.2900,-0.169656
t_shaped,gbq,8.3000,0.0000,0.0000,8.3000,-0.168423
t_shaped,gbq,8.3100,0.0000,0.0000,8.3100,-0.167201
t_shaped,gbq,8.3200,0.0000,0.0000,8.3200,-0.165989
t_shaped,gbq,8.3300,0.0000,0.0000,8.3300,-0.164787
t_shaped,gbq,8.3400,0.0000,0.0000,8.3400,-0.163595
t_shaped,gbq,8.3500,0.0000,0.0000,8.3500,-0.162413
t_shaped,gbq,8.3600,0.0000,0.0000,8.3600,-0.161241
t_shaped,gbq,8.3700,0.0000,0.0000,8.3700,-0.160078
t_shaped,gbq,8.3800,0.0000,0.0000,8.3800,-0.158926
t_shaped,gbq,8.3900,0.0000,0.0000,8.3900,-0.157782
t_shaped,gbq,8.4000,0.0000,0.0000,8.4000,-0.156649
t_shaped,gbq,8.4100,0.0000,0.0000,8.4100,-0.155525
t_shaped,gbq,8.4200,0.0000,0.0000,8.4200,-0.154410
t_shaped,gbq,8.4300,0.0000,0.0000,8.4300,-0.153304
t_shaped,gbq,8.4400,0.0000,0.0000,8.4400,-0.152208
t_shaped,gbq,8.4500,0.0000,0.0000,8.4500,-0.151120
t_shaped,gbq,8.4600,0.0000,0.0000,8.4600,-0.150042
t_shaped,gbq,8.4700,0.0000,0.0000,8.4700,-0.148972
t_shaped,gbq,8.4800,0.0000,0.0000,8.4800,-0.147911
t_shaped,gbq,8.4900,0.0000,0.0000,8.4900,-0.146859
t_shaped,gbq,8.5000,0.0000,0.0000,8.5000,-0.145816
t_shaped,gbq,8.5100,0.0000,0.0000,8.5100,-0.144781
t_shaped,gbq,8.5200,0.0000,0.0000,8.5200,-0.143755
t_shaped,gbq,8.5300,0.0000,0.0000,8.5300,-0.142737
t_shaped,gbq,8.5400,0.0000,0.0000,8.5400,-0.141727
t_shaped,gbq,8.5500,0.0000,0.0000,8.5500,-0.140726
t_shaped,gbq,8.5600,0.0000,0.0000,8.5600,-0.139733
t_shaped,gbq,8.5700,0.0000,0.0000,8.5700,-0.138748
t_shaped,gbq,8.5800,0.0000,0.0000,8.5800,-0.137771
t_shaped,gbq,8.5900,0.0000,0.0000,8.5900,-0.136802
t_shaped,gbq,8.6000,0.0000,0.0000,8.6000,-0.135841
t_shaped,gbq,8.6100,0.0000,0.0000,8.6100,-0.134887
t_shaped,gbq,8.6200,0.0000,0.0000,8.6200,-0.133942
t_shaped,gbq,8.6300,0.0000,0.0000,8.6300,-0.133004
t_shaped,gbq,8.6400,0.0000,0.0000,8.6400,-0.132074
t_shaped,gbq,8.6500,0.0000,0.0000,8.6500,-0.131151
t_shaped,gbq,8.6600,0.0000,0.0000,8.6600,-0.130236
t_shaped,gbq,8.6700,0.0000,0.0000,8.6700,-0.129328
t_shaped,gbq,8.6800,0.0000,0.0000,8.6800,-0.128427
t_shaped,gbq,8.6900,0.0000,0.0000,8.6900,-0.127534
t_shaped,gbq,8.7000,0.0000,0.0000,8.7000,-0.126648
t_shaped,gbq,8.7100,0.0000,0.0000,8.7100,-0.125769
t_shaped,gbq,8.7200,0.0000,0.0000,8.7200,-0.124897
t_shaped,gbq,8.7300,0.0000,0.0000,8.7300,-0.124032
t_shaped,gbq,8.7400,0.0000,0.0000,8.7400,-0.123174
t_shaped,gbq,8.7500,0.0000,0.0000,8.7500,-0.122323
t_shaped,gbq,8.7600,0.0000,0.0000,8.7600,-0.121479
t_shaped,gbq,8.7700,0.0000,0.0000,8.7700,-0.120642
t_shaped,gbq,8.7800,0.0000,0.0000,8.7800,-0.119811
t_shaped,gbq,8.7900,0.0000,0.0000,8.7900,-0.118987
t_shaped,gbq,8.8000,0.0000,0.0000,8.8000,-0.118169
t_shaped,gbq,8.8100,0.0000,0.0000,8.8100,-0.117358
t_shaped,gbq,8.8200,0.0000,0.0000,8.8200,-0.116554
t_shaped,gbq,8.8300,0.0000,0.0000,8.8300,-0.115755
t_shaped,gbq,8.8400,0.0000,0.0000,8.8400,-0.114964
t_shaped,gbq,8.8500,0.0000,0.0000,8.8500,-0.114178
t_shaped,gbq,8.8600,0.0000,0.0000,8.8600,-0.113399
t_shaped,gbq,8.8700,0.0000,0.0000,8.8700,-0.112626
t_shaped,gbq,8.8800,0.0000,0.0000,8.8800,-0.111859
t_shaped,gbq,8.8900,0.0000,0.0000,8.8900,-0.111098
t_shaped,gbq,8.9000,0.0000,0.0000,8.9000,-0.110343
t_shaped,gbq,8.9100,0.0000,0.0000,8.9100,-0.109594
t_shaped,gbq,8.9200,0.0000,0.0000,8.9200,-0.108851
t_shaped,gbq,8.9300,0.0000,0.0000,8.9300,-0.108113
t_shaped,gbq,8.9400,0.0000,0.0000,8.9400,-0.107382
t_shaped,gbq,8.9500,0.0000,0.0000,8.9500,-0.106656
t_shaped,gbq,8.9600,0.0000,0.0000,8.9600,-0.105936
t_shaped,gbq,8.9700,0.0000,0.0000,8.9700,-0.105222
t_shaped,gbq,8.9800,0.0000,0.0000,8.9800,-0.104513
t_shaped,gbq,8.9900,0.0000,0.0000,8.9900,-0.103810
t_shaped,gbq,9.0000,0.0000,0.0000,9.0000,-0.103112
t_shaped,gbq,9.0100,0.0000,0.0000,9.0100,-0.102420
t_shaped,gbq,9.0200,0.0000,0.0000,9.0200,-0.101733
t_shaped,gbq,9.0300,0.0000,0.0000,9.0300,-0.101052
t_shaped,gbq,9.0400,0.0000,0.0000,9.0400,-0.100376
t_shaped,gbq,9.0500,0.0000,0.0000,9.0500,-0.099705
t_shaped,gbq,9.0600,0.0000,0.0000,9.0600,-0.099039
t_shaped,gbq,9.0700,0.0000,0.0000,9.0700,-0.098378
t_shaped,gbq,9.0800,0.0000,0.0000,9.0800,-0.097723
t_shaped,gbq,9.0900,0.0000,0.0000,9.0900,-0.097073
t_shaped,gbq,9.1000,0.0000,0.0000,9.1000,-0.096427
t_shaped,gbq,9.1100,0.0000,0.0000,9.1100,-0.095787
t_shaped,gbq,9.1200,0.0000,0.0000,9.1200,-0.095152
t_shaped,gbq,9.1300,0.0000,0.0000,9.1300,-0.094521
t_shaped,gbq,9.1400,0.0000,0.0000,9.1400,-0.093896
t_shaped,gbq,9.1500,0.0000,0.0000,9.1500,-0.093275
t_shaped,gbq,9.1600,0.0000,0.0000,9.1600,-0.092659
t_shaped,gbq,9.1700,0.0000,0.0000,9.1700,-0.092048
t_shaped,gbq,9.1800,0.0000,0.0000,9.1800,-0.091441
t_shaped,gbq,9.1900,0.0000,0.0000,9.1900,-0.090839
t_shaped,gbq,9.2000,0.0000,0.0000,9.2000,-0.090242
t_shaped,gbq,9.2100,0.0000,0.0000,9.2100,-0.089649
t_shaped,gbq,9.2200,0.0000,0.0000,9.2200,-0.089061
t_shaped,gbq,9.2300,0.0000,0.0000,9.2300,-0.088477
t_shaped,gbq,9.2400,0.0000,0.0000,9.2400,-0.087898
t_shaped,gbq,9.2500,0.0000,0.0000,9.2500,-0.087323
t_shaped,gbq,9.2600,0.0000,0.0000,9.2600,-0.086752
t_shaped,gbq,9.2700,0.0000,0.0000,9.2700,-0.086186
t_shaped,gbq,9.2800,0.0000,0.0000,9.2800,-0.085624
t_shaped,gbq,9.2900,0.0000,0.0000,9.2900,-0.085067
t_shaped,gbq,9.3000,0.0000,0.0000,9.3000,-0.084514
t_shaped,gbq,9.3100,0.0000,0.0000,9.3100,-0.083964
t_shaped,gbq,9.3200,0.0000,0.0000,9.3200,-0.083419
t_shaped,gbq,9.3300,0.0000,0.0000,9.3300,-0.082878
t_shaped,gbq,9.3400,0.0000,0.0000,9.3400,-0.082342
t_shaped,gbq,9.3500,0.0000,0.0000,9.3500,-0.081809
t_shaped,gbq,9.3600,0.0000,0.0000,9.3600,-0.081280
t_shaped,gbq,9.3700,0.0000,0.0000,9.3700,-0.080755
t_shaped,gbq,9.3800,0.0000,0.0000,9.3800,-0.080235
t_shaped,gbq,9.3900,0.0000,0.0000,9.3900,-0.079718
t_shaped,gbq,9.4000,0.0000,0.0000,9.4000,-0.079205
t_shaped,gbq,9.4100,0.0000,0.0000,9.4100,-0.078696
t_shaped,gbq,9.4200,0.0000,0.0000,9.4200,-0.078190
t_shaped,gbq,9.4300,0.0000,0.0000,9.4300,-0.077689
t_shaped,gbq,9.4400,0.0000,0.0000,9.4400,-0.077191
t_shaped,gbq,9.4500,0.0000,0.0000,9.4500,-0.076697
t_shaped,gbq,9.4600,0.0000,0.0000,9.4600,-0.076206
t_shaped,gbq,9.4700,0.0000,0.0000,9.4700,-0.075720
t_shaped,gbq,9.4800,0.0000,0.0000,9.4800,-0.075237
t_shaped,gbq,9.4900,0.0000,0.0000,9.4900,-0.074757
t_shaped,gbq,9.5000,0.0000,0.0000,9.5000,-0.074281
t_shaped,gbq,9.5100,0.0000,0.0000,9.5100,-0.073809
t_shaped,gbq,9.5200,0.0000,0.0000,9.5200,-0.073340
t_shaped,gbq,9.5300,0.0000,0.0000,9.5300,-0.072874
t_shaped,gbq,9.5400,0.0000,0.0000,9.5400,-0.072412
t_shaped,gbq,9.5500,0.0000,0.0000,9.5500,-0.071954
t_shaped,gbq,9.5600,0.0000,0.0000,9.5600,-0.071498
t_shaped,gbq,9.5700,0.0000,0.0000,9.5700,-0.071047
t_shaped,gbq,9.5800,0.0000,0.0000,9.5800,-0.070598
t_shaped,gbq,9.5900,0.0000,0.0000,9.5900,-0.070153
t_shaped,gbq,9.6000,0.0000,0.0000,9.6000,-0.069711
t_shaped,gbq,9.6100,0.0000,0.0000,9.6100,-0.069272
t_shaped,gbq,9.6200,0.0000,0.0000,9.6200,-0.068837
t_shaped,gbq,9.6300,0.0000,0.0000,9.6300,-0.068404
t_shaped,gbq,9.6400,0.0000,0.0000,9.6400,-0.067975
t_shaped,gbq,9.6500,0.0000,0.0000,9.6500,-0.067549
t_shaped,gbq,9.6600,0.0000,0.0000,9.6600,-0.067127
t_shaped,gbq,9.6700,0.0000,0.0000,9.6700,-0.066707
t_shaped,gbq,9.6800,0.0000,0.0000,9.6800,-0.066290
t_shaped,gbq,9.6900,0.0000,0.0000,9.6900,-0.065876
t_shaped,gbq,9.7000,0.0000,0.0000,9.7000,-0.065466
t_shaped,gbq,9.7100,0.0000,0.0000,9.7100,-0.065058
t_shaped,gbq,9.7200,0.0000,0.0000,9.7200,-0.064653
t_shaped,gbq,9.7300,0.0000,0.0000,9.7300,-0.064252
t_shaped,gbq,9.7400,0.0000,0.0000,9.7400,-0.063853
t_shaped,gbq,9.7500,0.0000,0.0000,9.7500,-0.063457
t_shaped,gbq,9.7600,0.0000,0.0000,9.7600,-0.063064
t_shaped,gbq,9.7700,0.0000,0.0000,9.7700,-0.062673
t_shaped,gbq,9.7800,0.0000,0.0000,9.7800,-0.062286
t_shaped,gbq,9.7900,0.0000,0.0000,9.7900,-0.061901
t_shaped,gbq,9.8000,0.0000,0.0000,9.8000,-0.061520
t_shaped,gbq,9.8100,0.0000,0.0000,9.8100,-0.061140
t_shaped,gbq,9.8200,0.0000,0.0000,9.8200,-0.060764
t_shaped,gbq,9.8300,0.0000,0.0000,9.8300,-0.060390
t_shaped,gbq,9.8400,0.0000,0.0000,9.8400,-0.060019
t_shaped,gbq,9.8500,0.0000,0.0000,9.8500,-0.059651
t_shaped,gbq,9.8600,0.0000,0.0000,9.8600,-0.059285
t_shaped,gbq,9.8700,0.0000,0.0000,9.8700,-0.058922
t_shaped,gbq,9.8800,0.0000,0.0000,9.8800,-0.058562
t_shaped,gbq,9.8900,0.0000,0.0000,9.8900,-0.058204
t_shaped,gbq,9.9000,0.0000,0.0000,9.9000,-0.057849
t_shaped,gbq,9.9100,0.0000,0.0000,9.9100,-0.057496
t_shaped,gbq,9.9200,0.0000,0.0000,9.9200,-0.057146
t_shaped,gbq,9.9300,0.0000,0.0000,9.9300,-0.056798
t_shaped,gbq,9.9400,0.0000,0.0000,9.9400,-0.056452
t_shaped,gbq,9.9500,0.0000,0.0000,9.9500,-0.056110
t_shaped,gbq,9.9600,0.0000,0.0000,9.9600,-0.055769
t_shaped,gbq,9.9700,0.0000,0.0000,9.9700,-0.055431
t_shaped,gbq,9.9800,0.0000,0.0000,9.9800,-0.055095
t_shaped,gbq,9.9900,0.0000,0.0000,9.9900,-0.054762
t_shaped,gbq,10.0000,0.0000,0.0000,10.0000,-0.054431
